city,country,observation_timestamp,temp_avg_c,humidity_pct,pressure_hpa,wind_speed_kmh,wind_direction,rain_tomorrow
Cairo,EG,2026-05-19 21:00:00+00,25.42,36,1014,22.21,NE,t
Riyadh,SA,2026-05-19 21:00:00+00,31.66,15,1007,4.36,NW,f
Dubai,AE,2026-05-19 21:00:00+00,30.96,33,1002,12.96,S,f
Baghdad,IQ,2026-05-19 21:00:00+00,24.95,31,1006,14.83,NW,t
Beirut,LB,2026-05-19 21:00:00+00,20.77,70,1012,14.69,S,t
Amman,JO,2026-05-19 21:00:00+00,18.05,36,1014,7.42,W,f
Kuwait City,KW,2026-05-19 21:00:00+00,32.66,32,1005,27.18,NNW,f
Doha,QA,2026-05-19 21:00:00+00,33.57,29,1002,18.50,S,f
Casablanca,MA,2026-05-19 21:00:00+00,19.13,77,1021,14.83,E,t
Tunisia,TN,2026-05-19 21:00:00+00,25.09,26,1022,7.38,NE,f
Cairo,EG,2026-05-19 20:00:00+00,25.42,33,1014,27.79,NE,f
Riyadh,SA,2026-05-19 20:00:00+00,33.15,13,1007,7.96,NNW,f
Dubai,AE,2026-05-19 20:00:00+00,30.96,35,1003,12.96,S,t
Baghdad,IQ,2026-05-19 20:00:00+00,26.95,28,1006,22.21,NW,t
Beirut,LB,2026-05-19 20:00:00+00,20.77,67,1012,22.50,WSW,t
Amman,JO,2026-05-19 20:00:00+00,18.05,36,1014,9.25,W,f
Kuwait City,KW,2026-05-19 20:00:00+00,32.66,38,1005,31.46,NNW,f
Doha,QA,2026-05-19 20:00:00+00,33.99,27,1002,20.38,S,f
Casablanca,MA,2026-05-19 20:00:00+00,19.13,77,1020,14.83,ENE,f
Tunisia,TN,2026-05-19 20:00:00+00,25.86,24,1021,10.48,W,f
Cairo,EG,2026-05-19 19:00:00+00,26.42,34,1013,29.63,NE,t
Riyadh,SA,2026-05-19 19:00:00+00,34.12,12,1006,11.74,NNW,f
Dubai,AE,2026-05-19 19:00:00+00,32.96,27,1004,11.12,S,f
Baghdad,IQ,2026-05-19 19:00:00+00,26.95,28,1005,18.50,NW,t
Beirut,LB,2026-05-19 19:00:00+00,20.21,71,1011,12.64,SE,t
Amman,JO,2026-05-19 19:00:00+00,19.05,39,1014,7.42,W,t
Kuwait City,KW,2026-05-19 19:00:00+00,30.44,51,1004,19.30,N,t
Doha,QA,2026-05-19 19:00:00+00,33.16,35,1003,14.83,S,f
Casablanca,MA,2026-05-19 19:00:00+00,20.19,68,1019,11.12,ENE,f
Tunisia,TN,2026-05-19 19:00:00+00,26.85,23,1020,17.32,W,f
Cairo,EG,2026-05-19 18:00:00+00,28.42,32,1013,33.34,NE,t
Riyadh,SA,2026-05-19 18:00:00+00,35.15,11,1006,12.13,N,f
Dubai,AE,2026-05-19 18:00:00+00,32.96,31,1004,9.25,S,f
Baghdad,IQ,2026-05-19 18:00:00+00,28.95,23,1005,27.79,WNW,f
Beirut,LB,2026-05-19 18:00:00+00,21.32,76,1012,9.86,SSW,t
Amman,JO,2026-05-19 18:00:00+00,21.05,32,1013,18.50,WNW,t
Kuwait City,KW,2026-05-19 18:00:00+00,30.97,31,1003,23.76,N,t
Doha,QA,2026-05-19 18:00:00+00,33.16,36,1003,18.50,SSE,f
Casablanca,MA,2026-05-19 18:00:00+00,20.74,64,1019,12.96,NE,f
Tunisia,TN,2026-05-19 18:00:00+00,28.84,21,1019,20.70,W,f
Cairo,EG,2026-05-19 17:00:00+00,31.42,27,1011,25.92,NNE,f
Riyadh,SA,2026-05-19 17:00:00+00,36.51,10,1005,12.85,NNW,f
Dubai,AE,2026-05-19 17:00:00+00,32.96,35,1004,7.42,SSW,f
Baghdad,IQ,2026-05-19 17:00:00+00,29.95,21,1005,25.92,NW,f
Beirut,LB,2026-05-19 17:00:00+00,21.32,78,1012,11.95,SW,t
Amman,JO,2026-05-19 17:00:00+00,23.05,25,1012,18.50,W,t
Kuwait City,KW,2026-05-19 17:00:00+00,32.16,42,1002,16.56,NNW,f
Doha,QA,2026-05-19 17:00:00+00,33.57,31,1003,16.67,SSE,t
Casablanca,MA,2026-05-19 17:00:00+00,20.74,60,1019,12.96,ENE,f
Tunisia,TN,2026-05-19 17:00:00+00,29.24,20,1019,17.86,W,f
Cairo,EG,2026-05-19 16:00:00+00,33.42,24,1010,24.08,N,f
Riyadh,SA,2026-05-19 16:00:00+00,37.70,9,1005,15.70,NW,f
Dubai,AE,2026-05-19 16:00:00+00,32.96,33,1004,11.12,WSW,f
Baghdad,IQ,2026-05-19 16:00:00+00,31.95,18,1003,38.88,WNW,f
Beirut,LB,2026-05-19 16:00:00+00,22.99,77,1012,4.97,SW,t
Amman,JO,2026-05-19 16:00:00+00,24.05,22,1012,22.21,W,t
Kuwait City,KW,2026-05-19 16:00:00+00,32.90,41,1001,15.44,NNW,f
Doha,QA,2026-05-19 16:00:00+00,32.99,40,1003,18.50,SSE,f
Casablanca,MA,2026-05-19 16:00:00+00,20.74,60,1020,14.83,NNE,f
Tunisia,TN,2026-05-19 16:00:00+00,30.77,20,1019,15.95,W,f
Cairo,EG,2026-05-19 15:00:00+00,33.42,22,1009,20.38,N,f
Riyadh,SA,2026-05-19 15:00:00+00,39.64,8,1005,22.00,NW,f
Dubai,AE,2026-05-19 15:00:00+00,32.96,35,1003,12.96,W,f
Baghdad,IQ,2026-05-19 15:00:00+00,31.95,19,1003,37.04,W,f
Beirut,LB,2026-05-19 15:00:00+00,23.54,73,1011,5.94,WSW,t
Amman,JO,2026-05-19 15:00:00+00,26.05,25,1011,25.92,W,f
Kuwait City,KW,2026-05-19 15:00:00+00,33.94,45,1001,21.85,NW,t
Doha,QA,2026-05-19 15:00:00+00,32.99,38,1003,18.50,SSE,f
Casablanca,MA,2026-05-19 15:00:00+00,20.74,60,1020,12.96,NE,f
Tunisia,TN,2026-05-19 15:00:00+00,30.50,20,1019,14.87,W,f
Cairo,EG,2026-05-19 14:00:00+00,34.42,21,1009,22.21,N,f
Riyadh,SA,2026-05-19 14:00:00+00,41.17,7,1004,26.68,NW,f
Dubai,AE,2026-05-19 14:00:00+00,32.96,40,1003,16.67,W,f
Baghdad,IQ,2026-05-19 14:00:00+00,31.95,19,1003,33.34,W,f
Beirut,LB,2026-05-19 14:00:00+00,24.10,71,1012,3.06,SW,t
Amman,JO,2026-05-19 14:00:00+00,26.05,15,1011,27.79,W,f
Kuwait City,KW,2026-05-19 14:00:00+00,33.68,48,1001,17.96,NW,t
Doha,QA,2026-05-19 14:00:00+00,32.99,38,1003,18.50,SSE,f
Casablanca,MA,2026-05-19 14:00:00+00,20.74,60,1021,12.96,NE,f
Tunisia,TN,2026-05-19 14:00:00+00,30.08,21,1020,10.30,WSW,f
Cairo,EG,2026-05-19 13:00:00+00,34.42,20,1010,22.21,NNW,f
Riyadh,SA,2026-05-19 13:00:00+00,42.27,7,1004,26.53,WNW,f
Dubai,AE,2026-05-19 13:00:00+00,33.96,38,1003,22.21,WNW,f
Baghdad,IQ,2026-05-19 13:00:00+00,32.95,21,1002,31.50,W,f
Beirut,LB,2026-05-19 13:00:00+00,23.54,71,1012,7.31,WSW,t
Amman,JO,2026-05-19 13:00:00+00,26.05,19,1011,27.79,WNW,f
Kuwait City,KW,2026-05-19 13:00:00+00,35.37,44,1001,14.80,WNW,f
Doha,QA,2026-05-19 13:00:00+00,34.99,31,1003,16.67,ESE,t
Casablanca,MA,2026-05-19 13:00:00+00,20.74,56,1021,12.96,ENE,f
Tunisia,TN,2026-05-19 13:00:00+00,29.21,22,1020,5.76,W,f
Cairo,EG,2026-05-19 12:00:00+00,33.42,21,1010,14.83,N,f
Riyadh,SA,2026-05-19 12:00:00+00,41.67,7,1005,22.68,W,f
Dubai,AE,2026-05-19 12:00:00+00,33.96,38,1003,18.50,W,f
Baghdad,IQ,2026-05-19 12:00:00+00,32.95,22,1002,25.92,W,f
Beirut,LB,2026-05-19 12:00:00+00,24.65,71,1012,7.45,SW,t
Amman,JO,2026-05-19 12:00:00+00,26.05,25,1012,33.34,W,f
Kuwait City,KW,2026-05-19 12:00:00+00,35.54,46,1001,23.08,WNW,f
Doha,QA,2026-05-19 12:00:00+00,36.99,25,1003,14.83,E,f
Casablanca,MA,2026-05-19 12:00:00+00,20.74,60,1021,11.12,ENE,f
Tunisia,TN,2026-05-19 12:00:00+00,28.70,26,1021,4.64,WNW,f
Cairo,EG,2026-05-19 11:00:00+00,33.42,22,1011,12.96,NNE,f
Riyadh,SA,2026-05-19 11:00:00+00,41.60,7,1006,22.64,W,f
Dubai,AE,2026-05-19 11:00:00+00,34.96,29,1004,24.08,WNW,f
Baghdad,IQ,2026-05-19 11:00:00+00,31.95,25,1002,33.34,W,f
Beirut,LB,2026-05-19 11:00:00+00,23.54,75,1012,12.24,WSW,t
Amman,JO,2026-05-19 11:00:00+00,25.05,22,1012,27.79,SSW,t
Kuwait City,KW,2026-05-19 11:00:00+00,35.49,45,1001,17.96,WNW,f
Doha,QA,2026-05-19 11:00:00+00,35.99,36,1004,12.96,E,f
Casablanca,MA,2026-05-19 11:00:00+00,20.18,64,1021,9.25,E,f
Tunisia,TN,2026-05-19 11:00:00+00,27.44,30,1021,2.59,NNW,f
Cairo,EG,2026-05-19 10:00:00+00,31.42,25,1012,16.67,N,t
Riyadh,SA,2026-05-19 10:00:00+00,41.45,7,1007,21.10,W,f
Dubai,AE,2026-05-19 10:00:00+00,34.96,34,1004,18.50,W,f
Baghdad,IQ,2026-05-19 10:00:00+00,29.95,28,1003,27.79,WNW,t
Beirut,LB,2026-05-19 10:00:00+00,23.54,73,1012,11.38,WSW,t
Amman,JO,2026-05-19 10:00:00+00,24.05,23,1012,31.50,W,t
Kuwait City,KW,2026-05-19 10:00:00+00,34.78,42,1002,7.34,WNW,f
Doha,QA,2026-05-19 10:00:00+00,40.57,10,1004,11.12,NW,f
Casablanca,MA,2026-05-19 10:00:00+00,19.07,68,1021,11.12,ENE,f
Tunisia,TN,2026-05-19 10:00:00+00,25.88,35,1022,3.56,ENE,f
Cairo,EG,2026-05-19 09:00:00+00,29.42,26,1013,12.96,NNE,t
Riyadh,SA,2026-05-19 09:00:00+00,39.82,8,1008,25.63,W,f
Dubai,AE,2026-05-19 09:00:00+00,34.96,29,1004,11.12,W,f
Baghdad,IQ,2026-05-19 09:00:00+00,28.95,30,1003,24.08,W,t
Beirut,LB,2026-05-19 09:00:00+00,23.54,72,1012,16.81,SW,t
Amman,JO,2026-05-19 09:00:00+00,23.05,20,1012,31.50,W,t
Kuwait City,KW,2026-05-19 09:00:00+00,33.68,44,1003,2.41,NE,f
Doha,QA,2026-05-19 09:00:00+00,39.57,12,1005,14.83,W,f
Casablanca,MA,2026-05-19 09:00:00+00,18.07,72,1021,11.12,ENE,f
Tunisia,TN,2026-05-19 09:00:00+00,23.89,41,1022,5.51,E,f
Cairo,EG,2026-05-19 08:00:00+00,28.42,30,1013,14.83,NNE,t
Riyadh,SA,2026-05-19 08:00:00+00,38.83,8,1009,28.58,WSW,f
Dubai,AE,2026-05-19 08:00:00+00,32.96,35,1005,12.96,SW,f
Baghdad,IQ,2026-05-19 08:00:00+00,31.54,20,1004,25.20,W,f
Beirut,LB,2026-05-19 08:00:00+00,22.99,74,1012,21.74,SW,t
Amman,JO,2026-05-19 08:00:00+00,23.05,20,1013,29.63,WSW,t
Kuwait City,KW,2026-05-19 08:00:00+00,33.08,44,1003,4.64,E,f
Doha,QA,2026-05-19 08:00:00+00,37.57,13,1006,16.67,WSW,f
Casablanca,MA,2026-05-19 08:00:00+00,17.02,74,1021,9.25,E,f
Tunisia,TN,2026-05-19 08:00:00+00,22.30,46,1021,7.09,ENE,f
Cairo,EG,2026-05-19 07:00:00+00,26.42,29,1012,16.67,NE,t
Riyadh,SA,2026-05-19 07:00:00+00,36.97,9,1010,25.85,WSW,f
Dubai,AE,2026-05-19 07:00:00+00,31.96,40,1006,11.12,N,t
Baghdad,IQ,2026-05-19 07:00:00+00,26.95,39,1005,24.08,WNW,f
Beirut,LB,2026-05-19 07:00:00+00,22.43,67,1012,25.02,SW,t
Amman,JO,2026-05-19 07:00:00+00,21.05,19,1012,29.63,W,t
Kuwait City,KW,2026-05-19 07:00:00+00,33.50,53,1003,3.78,NNE,t
Doha,QA,2026-05-19 07:00:00+00,35.97,14,1006,12.96,WSW,f
Casablanca,MA,2026-05-19 07:00:00+00,17.02,72,1021,7.42,E,f
Tunisia,TN,2026-05-19 07:00:00+00,20.73,51,1021,9.36,ENE,f
Cairo,EG,2026-05-19 06:00:00+00,24.42,43,1013,20.38,NE,t
Riyadh,SA,2026-05-19 06:00:00+00,34.64,11,1010,22.54,WSW,f
Dubai,AE,2026-05-19 06:00:00+00,29.96,45,1006,14.83,SW,t
Baghdad,IQ,2026-05-19 06:00:00+00,24.95,41,1005,24.08,WNW,t
Beirut,LB,2026-05-19 06:00:00+00,22.99,57,1011,24.05,SW,t
Amman,JO,2026-05-19 06:00:00+00,20.05,24,1012,31.50,W,t
Kuwait City,KW,2026-05-19 06:00:00+00,32.30,55,1004,1.55,SSW,t
Doha,QA,2026-05-19 06:00:00+00,33.16,20,1007,9.25,SW,f
Casablanca,MA,2026-05-19 06:00:00+00,17.02,72,1020,9.25,E,f
Tunisia,TN,2026-05-19 06:00:00+00,19.50,56,1021,11.99,ENE,f
Cairo,EG,2026-05-19 05:00:00+00,22.42,68,1013,20.38,NE,t
Riyadh,SA,2026-05-19 05:00:00+00,32.88,14,1010,18.83,SW,f
Dubai,AE,2026-05-19 05:00:00+00,27.96,47,1006,20.38,S,t
Baghdad,IQ,2026-05-19 05:00:00+00,24.95,38,1005,24.08,WNW,t
Beirut,LB,2026-05-19 05:00:00+00,20.77,59,1011,23.65,SSW,t
Amman,JO,2026-05-19 05:00:00+00,20.05,28,1012,29.63,W,t
Kuwait City,KW,2026-05-19 05:00:00+00,30.81,54,1004,3.60,SSE,t
Doha,QA,2026-05-19 05:00:00+00,30.57,25,1007,11.12,SW,f
Casablanca,MA,2026-05-19 05:00:00+00,17.02,77,1020,9.25,E,f
Tunisia,TN,2026-05-19 05:00:00+00,18.05,62,1020,11.92,ENE,f
Cairo,EG,2026-05-19 04:00:00+00,21.42,68,1012,22.21,NE,t
Riyadh,SA,2026-05-19 04:00:00+00,29.97,19,1010,12.67,SW,f
Dubai,AE,2026-05-19 04:00:00+00,25.96,53,1006,16.67,S,t
Baghdad,IQ,2026-05-19 04:00:00+00,23.95,41,1005,22.21,WNW,f
Beirut,LB,2026-05-19 04:00:00+00,17.43,63,1011,19.98,SSW,t
Amman,JO,2026-05-19 04:00:00+00,20.05,32,1012,27.79,WSW,t
Kuwait City,KW,2026-05-19 04:00:00+00,29.61,55,1003,6.01,SSW,t
Doha,QA,2026-05-19 04:00:00+00,28.57,35,1007,11.12,WSW,f
Casablanca,MA,2026-05-19 04:00:00+00,17.02,72,1020,7.42,ENE,f
Tunisia,TN,2026-05-19 04:00:00+00,17.76,59,1020,12.38,ENE,f
Cairo,EG,2026-05-19 03:00:00+00,22.42,64,1012,22.21,NNE,t
Riyadh,SA,2026-05-19 03:00:00+00,27.88,17,1010,11.09,SW,f
Dubai,AE,2026-05-19 03:00:00+00,24.96,53,1005,16.67,SSW,t
Baghdad,IQ,2026-05-19 03:00:00+00,24.95,33,1004,18.50,WNW,t
Beirut,LB,2026-05-19 03:00:00+00,17.99,64,1010,21.71,SSW,t
Amman,JO,2026-05-19 03:00:00+00,20.05,34,1011,31.50,W,t
Kuwait City,KW,2026-05-19 03:00:00+00,27.10,77,1003,3.20,SSE,t
Doha,QA,2026-05-19 03:00:00+00,27.57,44,1006,11.12,WSW,f
Casablanca,MA,2026-05-19 03:00:00+00,17.02,72,1020,9.25,ENE,f
Tunisia,TN,2026-05-19 03:00:00+00,18.17,52,1019,16.02,E,f
Cairo,EG,2026-05-19 02:00:00+00,22.42,60,1012,20.38,NNE,t
Riyadh,SA,2026-05-19 02:00:00+00,26.98,17,1009,10.84,SW,f
Dubai,AE,2026-05-19 02:00:00+00,24.96,57,1005,16.67,S,t
Baghdad,IQ,2026-05-19 02:00:00+00,25.95,31,1004,20.38,WNW,t
Beirut,LB,2026-05-19 02:00:00+00,17.99,59,1009,19.33,SSW,t
Amman,JO,2026-05-19 02:00:00+00,21.05,30,1011,25.92,W,f
Kuwait City,KW,2026-05-19 02:00:00+00,28.54,41,1003,2.38,WNW,t
Doha,QA,2026-05-19 02:00:00+00,26.57,46,1006,9.25,SW,f
Casablanca,MA,2026-05-19 02:00:00+00,17.02,72,1020,7.42,ENE,f
Tunisia,TN,2026-05-19 02:00:00+00,18.55,49,1019,18.22,E,f
Cairo,EG,2026-05-19 01:00:00+00,23.42,53,1011,18.50,NNE,t
Riyadh,SA,2026-05-19 01:00:00+00,27.23,17,1009,11.12,SSW,f
Dubai,AE,2026-05-19 01:00:00+00,24.96,57,1004,12.96,S,t
Baghdad,IQ,2026-05-19 01:00:00+00,25.95,31,1003,18.50,WNW,t
Beirut,LB,2026-05-19 01:00:00+00,18.54,54,1010,23.51,SSW,t
Amman,JO,2026-05-19 01:00:00+00,22.05,24,1011,25.92,W,f
Kuwait City,KW,2026-05-19 01:00:00+00,29.82,37,1002,7.63,WSW,t
Doha,QA,2026-05-19 01:00:00+00,26.97,43,1006,11.12,SW,f
Casablanca,MA,2026-05-19 01:00:00+00,17.02,72,1021,7.42,ENE,f
Tunisia,TN,2026-05-19 01:00:00+00,19.55,47,1019,15.08,E,f
Cairo,EG,2026-05-19 00:00:00+00,23.42,56,1011,18.50,ENE,t
Riyadh,SA,2026-05-19 00:00:00+00,27.68,17,1009,10.51,SW,f
Dubai,AE,2026-05-19 00:00:00+00,25.96,57,1004,14.83,S,t
Baghdad,IQ,2026-05-19 00:00:00+00,26.95,29,1003,14.83,NW,t
Beirut,LB,2026-05-19 00:00:00+00,18.54,56,1010,25.06,SSW,t
Amman,JO,2026-05-19 00:00:00+00,22.05,24,1011,29.63,W,f
Kuwait City,KW,2026-05-19 00:00:00+00,29.24,35,1003,10.22,SSW,t
Doha,QA,2026-05-19 00:00:00+00,27.97,41,1005,7.42,WSW,f
Casablanca,MA,2026-05-19 00:00:00+00,17.02,77,1021,7.42,NE,f
Tunisia,TN,2026-05-19 00:00:00+00,20.50,42,1019,12.96,E,f
Cairo,EG,2026-05-18 23:00:00+00,24.42,50,1012,20.38,NE,t
Riyadh,SA,2026-05-18 23:00:00+00,28.28,17,1009,9.65,S,f
Dubai,AE,2026-05-18 23:00:00+00,25.96,57,1004,12.96,S,t
Baghdad,IQ,2026-05-18 23:00:00+00,27.95,26,1004,16.67,NNW,t
Beirut,LB,2026-05-18 23:00:00+00,18.54,56,1010,24.30,SSW,t
Amman,JO,2026-05-18 23:00:00+00,23.05,23,1011,27.79,W,f
Kuwait City,KW,2026-05-18 23:00:00+00,27.10,72,1003,12.82,S,t
Doha,QA,2026-05-18 23:00:00+00,28.57,37,1006,9.25,WNW,f
Casablanca,MA,2026-05-18 23:00:00+00,17.02,72,1021,5.54,ENE,f
Tunisia,TN,2026-05-18 23:00:00+00,21.58,39,1019,5.44,ENE,f
Cairo,EG,2026-05-18 22:00:00+00,26.90,34,1012,17.28,NNE,t
Riyadh,SA,2026-05-18 22:00:00+00,28.16,17,1010,6.48,S,f
Dubai,AE,2026-05-18 22:00:00+00,27.96,54,1005,11.12,SSW,t
Baghdad,IQ,2026-05-18 22:00:00+00,28.95,24,1004,11.12,NW,t
Beirut,LB,2026-05-18 22:00:00+00,19.10,57,1010,24.16,SSW,t
Amman,JO,2026-05-18 22:00:00+00,23.05,25,1011,25.92,W,f
Kuwait City,KW,2026-05-18 22:00:00+00,27.10,68,1003,16.74,S,t
Doha,QA,2026-05-18 22:00:00+00,29.57,32,1006,12.96,NW,t
Casablanca,MA,2026-05-18 22:00:00+00,17.02,72,1021,9.25,ENE,f
Tunisia,TN,2026-05-18 22:00:00+00,22.42,39,1018,10.37,WNW,f
Cairo,EG,2026-05-18 21:00:00+00,26.90,34,1012,21.92,NNE,t
Riyadh,SA,2026-05-18 21:00:00+00,28.54,17,1011,2.02,S,f
Dubai,AE,2026-05-18 21:00:00+00,27.96,54,1005,12.96,SW,t
Baghdad,IQ,2026-05-18 21:00:00+00,28.95,24,1003,12.96,NW,t
Beirut,LB,2026-05-18 21:00:00+00,19.65,57,1010,26.17,SSW,t
Amman,JO,2026-05-18 21:00:00+00,24.05,25,1012,25.92,WSW,t
Kuwait City,KW,2026-05-18 21:00:00+00,27.10,67,1004,19.22,SSE,t
Doha,QA,2026-05-18 21:00:00+00,29.57,31,1007,12.96,NW,t
Casablanca,MA,2026-05-18 21:00:00+00,17.02,72,1021,11.12,NE,f
Tunisia,TN,2026-05-18 21:00:00+00,22.97,38,1018,15.41,WNW,f
Cairo,EG,2026-05-18 20:00:00+00,29.42,30,1012,20.38,NNE,t
Riyadh,SA,2026-05-18 20:00:00+00,28.99,16,1011,3.60,NNE,t
Dubai,AE,2026-05-18 20:00:00+00,28.96,51,1006,11.12,WSW,t
Baghdad,IQ,2026-05-18 20:00:00+00,30.95,22,1003,9.25,WNW,f
Beirut,LB,2026-05-18 20:00:00+00,20.21,55,1011,26.10,SSW,t
Amman,JO,2026-05-18 20:00:00+00,24.05,25,1012,20.38,W,t
Kuwait City,KW,2026-05-18 20:00:00+00,27.66,61,1005,21.28,SSE,t
Doha,QA,2026-05-18 20:00:00+00,29.57,30,1007,18.50,NW,t
Casablanca,MA,2026-05-18 20:00:00+00,18.07,67,1020,11.12,NNE,f
Tunisia,TN,2026-05-18 20:00:00+00,23.62,36,1018,19.26,WNW,f
Cairo,EG,2026-05-18 19:00:00+00,29.42,34,1012,20.38,ENE,t
Riyadh,SA,2026-05-18 19:00:00+00,30.17,15,1011,6.73,NE,f
Dubai,AE,2026-05-18 19:00:00+00,28.96,51,1006,12.96,W,t
Baghdad,IQ,2026-05-18 19:00:00+00,30.95,22,1003,11.12,NNW,f
Beirut,LB,2026-05-18 19:00:00+00,20.77,66,1010,27.40,SSW,t
Amman,JO,2026-05-18 19:00:00+00,25.05,23,1011,25.92,W,t
Kuwait City,KW,2026-05-18 19:00:00+00,27.66,61,1005,27.97,SSE,t
Doha,QA,2026-05-18 19:00:00+00,30.57,22,1008,25.92,NNW,f
Casablanca,MA,2026-05-18 19:00:00+00,19.13,63,1020,12.96,NE,t
Tunisia,TN,2026-05-18 19:00:00+00,24.19,32,1017,15.66,W,f
Cairo,EG,2026-05-18 18:00:00+00,30.42,32,1011,29.63,NE,t
Riyadh,SA,2026-05-18 18:00:00+00,31.14,14,1011,9.76,NE,f
Dubai,AE,2026-05-18 18:00:00+00,28.96,54,1007,16.67,W,t
Baghdad,IQ,2026-05-18 18:00:00+00,32.95,18,1002,11.12,NNW,f
Beirut,LB,2026-05-18 18:00:00+00,21.88,63,1010,23.76,SW,t
Amman,JO,2026-05-18 18:00:00+00,25.05,25,1011,24.08,WNW,t
Kuwait City,KW,2026-05-18 18:00:00+00,27.66,58,1005,32.29,SSE,t
Doha,QA,2026-05-18 18:00:00+00,30.97,18,1008,22.21,NW,f
Casablanca,MA,2026-05-18 18:00:00+00,19.13,63,1019,12.96,NNE,t
Tunisia,TN,2026-05-18 18:00:00+00,25.24,30,1016,6.19,SW,f
Cairo,EG,2026-05-18 17:00:00+00,32.42,29,1010,31.50,NE,f
Riyadh,SA,2026-05-18 17:00:00+00,31.86,14,1010,9.58,NE,f
Dubai,AE,2026-05-18 17:00:00+00,28.96,54,1006,20.38,W,t
Baghdad,IQ,2026-05-18 17:00:00+00,32.95,17,1001,14.83,NNW,f
Beirut,LB,2026-05-18 17:00:00+00,21.88,73,1010,23.00,SSW,t
Amman,JO,2026-05-18 17:00:00+00,26.05,22,1010,27.79,WNW,f
Kuwait City,KW,2026-05-18 17:00:00+00,27.66,58,1004,33.16,SSE,t
Doha,QA,2026-05-18 17:00:00+00,31.57,19,1007,18.50,NNW,f
Casablanca,MA,2026-05-18 17:00:00+00,20.19,56,1019,12.96,NE,f
Tunisia,TN,2026-05-18 17:00:00+00,25.88,26,1016,5.22,SW,f
Cairo,EG,2026-05-18 16:00:00+00,34.42,27,1009,24.08,N,f
Riyadh,SA,2026-05-18 16:00:00+00,33.05,13,1009,9.14,NNE,f
Dubai,AE,2026-05-18 16:00:00+00,28.96,54,1006,20.38,W,t
Baghdad,IQ,2026-05-18 16:00:00+00,33.95,16,1001,22.21,NNW,f
Beirut,LB,2026-05-18 16:00:00+00,22.43,74,1009,21.85,SSW,t
Amman,JO,2026-05-18 16:00:00+00,28.05,20,1010,24.08,WNW,t
Kuwait City,KW,2026-05-18 16:00:00+00,27.66,57,1004,32.11,SE,t
Doha,QA,2026-05-18 16:00:00+00,32.57,16,1007,22.21,NNW,f
Casablanca,MA,2026-05-18 16:00:00+00,20.18,56,1019,12.96,NE,t
Tunisia,TN,2026-05-18 16:00:00+00,26.05,26,1016,3.10,S,f
Cairo,EG,2026-05-18 15:00:00+00,35.42,21,1008,18.50,N,f
Riyadh,SA,2026-05-18 15:00:00+00,34.92,11,1009,12.71,N,f
Dubai,AE,2026-05-18 15:00:00+00,29.96,51,1005,24.08,W,t
Baghdad,IQ,2026-05-18 15:00:00+00,35.95,15,1000,33.34,NNW,f
Beirut,LB,2026-05-18 15:00:00+00,24.65,73,1009,20.92,SW,t
Amman,JO,2026-05-18 15:00:00+00,30.75,27,1009,34.92,WNW,f
Kuwait City,KW,2026-05-18 15:00:00+00,28.21,55,1005,31.00,SE,t
Doha,QA,2026-05-18 15:00:00+00,33.97,15,1007,22.21,NNW,f
Casablanca,MA,2026-05-18 15:00:00+00,20.18,56,1020,12.96,ENE,f
Tunisia,TN,2026-05-18 15:00:00+00,26.12,26,1016,3.67,ESE,f
Cairo,EG,2026-05-18 14:00:00+00,35.42,20,1008,20.38,N,f
Riyadh,SA,2026-05-18 14:00:00+00,35.68,9,1010,14.76,N,f
Dubai,AE,2026-05-18 14:00:00+00,30.96,48,1005,25.92,W,t
Baghdad,IQ,2026-05-18 14:00:00+00,36.95,15,1000,25.92,NNW,f
Beirut,LB,2026-05-18 14:00:00+00,26.88,73,1010,22.28,SW,t
Amman,JO,2026-05-18 14:00:00+00,31.05,18,1009,35.17,WNW,f
Kuwait City,KW,2026-05-18 14:00:00+00,28.77,57,1004,23.94,SE,t
Doha,QA,2026-05-18 14:00:00+00,34.99,15,1007,25.92,NNW,f
Casablanca,MA,2026-05-18 14:00:00+00,20.18,56,1020,14.47,NNE,f
Tunisia,TN,2026-05-18 14:00:00+00,25.57,28,1017,5.69,E,f
Cairo,EG,2026-05-18 13:00:00+00,35.42,20,1008,20.38,N,f
Riyadh,SA,2026-05-18 13:00:00+00,35.68,9,1010,14.76,N,f
Dubai,AE,2026-05-18 13:00:00+00,30.96,45,1005,22.21,W,f
Baghdad,IQ,2026-05-18 13:00:00+00,36.95,15,1000,25.92,NNW,f
Beirut,LB,2026-05-18 13:00:00+00,26.88,73,1010,22.28,SW,t
Amman,JO,2026-05-18 13:00:00+00,31.05,18,1009,35.17,WNW,f
Kuwait City,KW,2026-05-18 13:00:00+00,28.77,57,1004,23.94,SE,t
Doha,QA,2026-05-18 13:00:00+00,34.99,15,1007,25.92,NNW,f
Casablanca,MA,2026-05-18 13:00:00+00,20.18,56,1020,14.47,NNE,f
Tunisia,TN,2026-05-18 13:00:00+00,25.57,28,1017,5.69,E,f
Cairo,EG,2026-05-18 12:00:00+00,35.42,15,1009,20.38,N,f
Riyadh,SA,2026-05-18 12:00:00+00,35.67,9,1010,17.64,N,f
Dubai,AE,2026-05-18 12:00:00+00,32.96,38,1005,25.92,W,f
Baghdad,IQ,2026-05-18 12:00:00+00,38.95,15,1000,27.79,WSW,f
Beirut,LB,2026-05-18 12:00:00+00,26.32,74,1010,22.39,SW,t
Amman,JO,2026-05-18 12:00:00+00,32.05,17,1009,31.50,W,f
Kuwait City,KW,2026-05-18 12:00:00+00,29.88,48,1006,14.65,ESE,t
Doha,QA,2026-05-18 12:00:00+00,35.97,14,1007,29.63,NNW,f
Casablanca,MA,2026-05-18 12:00:00+00,20.18,56,1021,11.12,NNE,t
Tunisia,TN,2026-05-18 12:00:00+00,24.41,29,1018,13.18,ENE,f
Cairo,EG,2026-05-18 11:00:00+00,33.42,21,1010,22.21,N,f
Riyadh,SA,2026-05-18 11:00:00+00,35.27,9,1011,17.39,N,f
Dubai,AE,2026-05-18 11:00:00+00,32.96,38,1005,22.21,W,f
Baghdad,IQ,2026-05-18 11:00:00+00,37.95,15,1000,25.92,WSW,f
Beirut,LB,2026-05-18 11:00:00+00,26.88,68,1009,24.98,SW,t
Amman,JO,2026-05-18 11:00:00+00,32.05,17,1009,27.79,W,f
Kuwait City,KW,2026-05-18 11:00:00+00,30.44,49,1007,9.43,ESE,t
Doha,QA,2026-05-18 11:00:00+00,35.57,15,1008,33.34,N,f
Casablanca,MA,2026-05-18 11:00:00+00,20.19,60,1020,9.25,NNE,t
Tunisia,TN,2026-05-18 11:00:00+00,23.68,31,1018,16.16,ENE,f
Cairo,EG,2026-05-18 10:00:00+00,32.42,23,1010,16.67,N,f
Riyadh,SA,2026-05-18 10:00:00+00,34.32,9,1013,17.46,N,f
Dubai,AE,2026-05-18 10:00:00+00,32.96,31,1006,22.21,W,f
Baghdad,IQ,2026-05-18 10:00:00+00,35.95,17,1002,24.08,S,f
Beirut,LB,2026-05-18 10:00:00+00,26.32,68,1010,24.26,SW,t
Amman,JO,2026-05-18 10:00:00+00,31.05,15,1009,27.79,W,f
Kuwait City,KW,2026-05-18 10:00:00+00,29.88,50,1007,5.62,SE,t
Doha,QA,2026-05-18 10:00:00+00,34.16,22,1008,27.79,NNE,f
Casablanca,MA,2026-05-18 10:00:00+00,18.07,67,1020,9.25,NE,t
Tunisia,TN,2026-05-18 10:00:00+00,22.67,33,1019,19.62,ENE,f
Cairo,EG,2026-05-18 09:00:00+00,30.42,30,1010,16.67,NNE,t
Riyadh,SA,2026-05-18 09:00:00+00,33.35,10,1013,17.75,N,f
Dubai,AE,2026-05-18 09:00:00+00,31.96,40,1006,24.08,W,f
Baghdad,IQ,2026-05-18 09:00:00+00,33.95,18,1002,27.79,S,f
Beirut,LB,2026-05-18 09:00:00+00,26.88,68,1010,26.46,SW,t
Amman,JO,2026-05-18 09:00:00+00,30.05,15,1009,24.08,W,f
Kuwait City,KW,2026-05-18 09:00:00+00,29.32,50,1009,5.44,SSE,t
Doha,QA,2026-05-18 09:00:00+00,33.99,22,1009,31.50,N,f
Casablanca,MA,2026-05-18 09:00:00+00,16.85,72,1020,1.84,E,f
Tunisia,TN,2026-05-18 09:00:00+00,21.50,37,1019,23.08,ENE,f
Cairo,EG,2026-05-18 08:00:00+00,28.42,36,1010,20.38,NNE,t
Riyadh,SA,2026-05-18 08:00:00+00,31.70,11,1013,18.00,N,f
Dubai,AE,2026-05-18 08:00:00+00,31.96,37,1007,18.50,W,f
Baghdad,IQ,2026-05-18 08:00:00+00,34.78,15,1003,29.09,SSW,f
Beirut,LB,2026-05-18 08:00:00+00,24.65,64,1009,22.46,SW,t
Amman,JO,2026-05-18 08:00:00+00,29.05,21,1009,25.92,W,t
Kuwait City,KW,2026-05-18 08:00:00+00,30.44,47,1009,2.48,SSE,t
Doha,QA,2026-05-18 08:00:00+00,33.99,22,1009,31.50,N,f
Casablanca,MA,2026-05-18 08:00:00+00,16.85,77,1020,4.82,NNE,f
Tunisia,TN,2026-05-18 08:00:00+00,20.01,42,1019,25.13,ENE,f
Cairo,EG,2026-05-18 07:00:00+00,28.42,42,1010,16.24,N,t
Riyadh,SA,2026-05-18 07:00:00+00,30.73,12,1014,18.22,N,f
Dubai,AE,2026-05-18 07:00:00+00,32.96,33,1007,20.38,W,f
Baghdad,IQ,2026-05-18 07:00:00+00,33.31,14,1004,32.08,S,f
Beirut,LB,2026-05-18 07:00:00+00,23.54,65,1009,21.13,SW,t
Amman,JO,2026-05-18 07:00:00+00,28.05,23,1010,24.08,W,t
Kuwait City,KW,2026-05-18 07:00:00+00,30.44,42,1010,2.12,WNW,f
Doha,QA,2026-05-18 07:00:00+00,32.99,29,1009,29.63,N,t
Casablanca,MA,2026-05-18 07:00:00+00,16.85,77,1020,4.82,NNE,f
Tunisia,TN,2026-05-18 07:00:00+00,18.84,50,1018,25.52,ENE,f
Cairo,EG,2026-05-18 06:00:00+00,25.42,53,1010,16.67,N,t
Riyadh,SA,2026-05-18 06:00:00+00,29.50,13,1014,17.06,N,f
Dubai,AE,2026-05-18 06:00:00+00,31.96,33,1007,16.67,SW,f
Baghdad,IQ,2026-05-18 06:00:00+00,31.57,12,1005,32.00,S,f
Beirut,LB,2026-05-18 06:00:00+00,23.54,67,1009,21.02,SSW,t
Amman,JO,2026-05-18 06:00:00+00,27.05,26,1011,20.38,WSW,f
Kuwait City,KW,2026-05-18 06:00:00+00,30.99,43,1011,6.05,WNW,f
Doha,QA,2026-05-18 06:00:00+00,31.16,34,1009,25.92,NNW,f
Casablanca,MA,2026-05-18 06:00:00+00,16.85,77,1020,4.82,NNE,f
Tunisia,TN,2026-05-18 06:00:00+00,17.38,56,1018,24.73,ENE,f
Cairo,EG,2026-05-18 05:00:00+00,26.42,44,1010,14.83,NNE,t
Riyadh,SA,2026-05-18 05:00:00+00,27.87,15,1014,17.21,N,f
Dubai,AE,2026-05-18 05:00:00+00,28.96,61,1007,18.50,S,t
Baghdad,IQ,2026-05-18 05:00:00+00,24.95,29,1006,18.50,SSE,t
Beirut,LB,2026-05-18 05:00:00+00,24.10,67,1008,21.78,SW,t
Amman,JO,2026-05-18 05:00:00+00,24.05,29,1010,18.50,WSW,f
Kuwait City,KW,2026-05-18 05:00:00+00,30.99,36,1011,7.74,NW,t
Doha,QA,2026-05-18 05:00:00+00,29.57,40,1009,24.08,NW,t
Casablanca,MA,2026-05-18 05:00:00+00,16.85,77,1019,5.54,NNE,f
Tunisia,TN,2026-05-18 05:00:00+00,16.07,65,1017,23.44,ENE,t
Cairo,EG,2026-05-18 04:00:00+00,25.42,50,1009,18.50,N,t
Riyadh,SA,2026-05-18 04:00:00+00,25.84,16,1013,18.40,NNW,t
Dubai,AE,2026-05-18 04:00:00+00,28.96,61,1006,14.83,SSW,t
Baghdad,IQ,2026-05-18 04:00:00+00,20.95,37,1006,12.96,SSE,t
Beirut,LB,2026-05-18 04:00:00+00,24.10,68,1008,21.67,SSW,t
Amman,JO,2026-05-18 04:00:00+00,24.05,27,1010,20.38,WSW,f
Kuwait City,KW,2026-05-18 04:00:00+00,28.77,38,1010,6.77,NNW,t
Doha,QA,2026-05-18 04:00:00+00,27.99,47,1008,22.21,NW,t
Casablanca,MA,2026-05-18 04:00:00+00,16.85,72,1019,3.71,N,f
Tunisia,TN,2026-05-18 04:00:00+00,16.45,63,1016,24.01,ENE,t
Cairo,EG,2026-05-18 03:00:00+00,26.42,44,1009,24.08,N,t
Riyadh,SA,2026-05-18 03:00:00+00,24.19,17,1013,15.98,NNW,t
Dubai,AE,2026-05-18 03:00:00+00,27.96,65,1006,9.25,WSW,t
Baghdad,IQ,2026-05-18 03:00:00+00,19.95,40,1007,14.83,SSE,t
Beirut,LB,2026-05-18 03:00:00+00,23.54,69,1008,23.11,SSW,t
Amman,JO,2026-05-18 03:00:00+00,23.05,31,1009,22.21,WSW,f
Kuwait City,KW,2026-05-18 03:00:00+00,28.21,37,1010,9.65,NNW,t
Doha,QA,2026-05-18 03:00:00+00,26.97,44,1008,24.08,NW,t
Casablanca,MA,2026-05-18 03:00:00+00,16.85,67,1019,3.71,N,f
Tunisia,TN,2026-05-18 03:00:00+00,16.82,59,1016,24.34,ENE,f
Cairo,EG,2026-05-18 02:00:00+00,29.42,26,1008,20.38,E,t
Riyadh,SA,2026-05-18 02:00:00+00,24.14,16,1012,14.65,NNW,t
Dubai,AE,2026-05-18 02:00:00+00,27.96,65,1006,11.12,W,t
Baghdad,IQ,2026-05-18 02:00:00+00,19.95,40,1007,14.83,SSE,t
Beirut,LB,2026-05-18 02:00:00+00,23.54,71,1007,25.78,SW,t
Amman,JO,2026-05-18 02:00:00+00,23.05,33,1009,14.83,WSW,f
Kuwait City,KW,2026-05-18 02:00:00+00,27.66,38,1009,13.03,NNW,t
Doha,QA,2026-05-18 02:00:00+00,26.99,44,1007,20.38,NW,t
Casablanca,MA,2026-05-18 02:00:00+00,15.96,72,1020,1.84,N,f
Tunisia,TN,2026-05-18 02:00:00+00,17.14,62,1017,23.98,ENE,f
Cairo,EG,2026-05-18 01:00:00+00,29.42,26,1007,25.92,E,t
Riyadh,SA,2026-05-18 01:00:00+00,24.58,15,1012,12.10,NNW,t
Dubai,AE,2026-05-18 01:00:00+00,27.96,65,1004,11.12,WSW,t
Baghdad,IQ,2026-05-18 01:00:00+00,19.95,40,1007,14.83,SSE,t
Beirut,LB,2026-05-18 01:00:00+00,25.21,61,1006,17.50,SW,t
Amman,JO,2026-05-18 01:00:00+00,22.46,29,1010,18.14,W,t
Kuwait City,KW,2026-05-18 01:00:00+00,28.21,37,1009,16.16,NNW,t
Doha,QA,2026-05-18 01:00:00+00,27.99,36,1006,18.50,NW,t
Casablanca,MA,2026-05-18 01:00:00+00,16.85,72,1020,8.06,NNE,f
Tunisia,TN,2026-05-18 01:00:00+00,17.64,63,1017,25.60,ENE,t
Cairo,EG,2026-05-18 00:00:00+00,28.42,32,1008,22.21,E,t
Riyadh,SA,2026-05-18 00:00:00+00,25.02,14,1011,11.05,NNW,t
Dubai,AE,2026-05-18 00:00:00+00,28.96,65,1005,16.67,W,t
Baghdad,IQ,2026-05-18 00:00:00+00,20.95,35,1006,12.96,SE,t
Beirut,LB,2026-05-18 00:00:00+00,26.32,62,1006,18.54,SW,t
Amman,JO,2026-05-18 00:00:00+00,24.05,29,1009,5.54,SW,t
Kuwait City,KW,2026-05-18 00:00:00+00,28.21,38,1009,16.88,NNW,t
Doha,QA,2026-05-18 00:00:00+00,27.57,40,1007,18.50,NW,t
Casablanca,MA,2026-05-18 00:00:00+00,17.02,67,1020,9.25,NNE,f
Tunisia,TN,2026-05-18 00:00:00+00,18.08,62,1017,25.85,ENE,t
Cairo,EG,2026-05-17 23:00:00+00,28.42,32,1008,22.21,NNE,t
Riyadh,SA,2026-05-17 23:00:00+00,25.62,13,1011,12.82,NNW,t
Dubai,AE,2026-05-17 23:00:00+00,28.96,70,1005,12.96,W,t
Baghdad,IQ,2026-05-17 23:00:00+00,21.95,33,1007,14.83,SSE,f
Beirut,LB,2026-05-17 23:00:00+00,25.77,59,1006,20.92,SSW,t
Amman,JO,2026-05-17 23:00:00+00,24.05,29,1009,11.12,W,f
Kuwait City,KW,2026-05-17 23:00:00+00,28.77,36,1009,17.24,NNW,t
Doha,QA,2026-05-17 23:00:00+00,27.57,39,1007,18.50,NW,t
Casablanca,MA,2026-05-17 23:00:00+00,17.02,67,1020,9.25,NNE,f
Tunisia,TN,2026-05-17 23:00:00+00,18.26,62,1017,27.72,ENE,f
Cairo,EG,2026-05-17 22:00:00+00,29.42,30,1009,16.67,N,t
Riyadh,SA,2026-05-17 22:00:00+00,26.31,12,1011,13.46,NNW,f
Dubai,AE,2026-05-17 22:00:00+00,29.96,58,1005,14.83,W,t
Baghdad,IQ,2026-05-17 22:00:00+00,21.95,35,1007,14.83,SE,f
Beirut,LB,2026-05-17 22:00:00+00,25.77,57,1007,19.15,SSW,t
Amman,JO,2026-05-17 22:00:00+00,25.05,27,1010,18.50,WSW,t
Kuwait City,KW,2026-05-17 22:00:00+00,29.88,31,1009,17.03,NNW,t
Doha,QA,2026-05-17 22:00:00+00,27.57,37,1007,20.38,NW,t
Casablanca,MA,2026-05-17 22:00:00+00,17.02,67,1020,9.25,NE,f
Tunisia,TN,2026-05-17 22:00:00+00,18.65,61,1017,31.21,E,f
Cairo,EG,2026-05-17 21:00:00+00,32.42,23,1009,16.67,N,f
Riyadh,SA,2026-05-17 21:00:00+00,26.94,12,1011,13.14,NNW,f
Dubai,AE,2026-05-17 21:00:00+00,29.96,70,1005,12.96,W,t
Baghdad,IQ,2026-05-17 21:00:00+00,23.95,29,1007,12.96,SSE,f
Beirut,LB,2026-05-17 21:00:00+00,26.32,49,1007,14.36,SSW,t
Amman,JO,2026-05-17 21:00:00+00,24.05,27,1009,16.67,WSW,t
Kuwait City,KW,2026-05-17 21:00:00+00,29.88,37,1009,18.00,NNW,t
Doha,QA,2026-05-17 21:00:00+00,27.57,35,1007,20.38,NNW,t
Casablanca,MA,2026-05-17 21:00:00+00,17.02,67,1020,9.25,N,f
Tunisia,TN,2026-05-17 21:00:00+00,18.99,60,1016,33.73,E,t
Cairo,EG,2026-05-17 20:00:00+00,32.42,27,1009,22.21,NW,f
Riyadh,SA,2026-05-17 20:00:00+00,27.80,11,1012,13.64,N,t
Dubai,AE,2026-05-17 20:00:00+00,29.96,74,1005,14.83,WNW,t
Baghdad,IQ,2026-05-17 20:00:00+00,23.95,29,1008,3.71,S,t
Beirut,LB,2026-05-17 20:00:00+00,26.88,48,1007,13.10,S,t
Amman,JO,2026-05-17 20:00:00+00,24.05,29,1009,11.12,W,t
Kuwait City,KW,2026-05-17 20:00:00+00,28.77,49,1009,17.68,NNW,t
Doha,QA,2026-05-17 20:00:00+00,28.57,30,1008,24.08,NW,t
Casablanca,MA,2026-05-17 20:00:00+00,18.07,67,1019,9.25,N,f
Tunisia,TN,2026-05-17 20:00:00+00,19.61,55,1016,31.68,E,t
Cairo,EG,2026-05-17 19:00:00+00,36.42,16,1008,5.54,ENE,f
Riyadh,SA,2026-05-17 19:00:00+00,29.18,10,1011,15.66,N,t
Dubai,AE,2026-05-17 19:00:00+00,29.96,79,1005,22.21,NW,t
Baghdad,IQ,2026-05-17 19:00:00+00,24.95,27,1008,3.71,E,t
Beirut,LB,2026-05-17 19:00:00+00,26.88,48,1007,13.79,SSE,t
Amman,JO,2026-05-17 19:00:00+00,25.05,31,1010,7.42,W,t
Kuwait City,KW,2026-05-17 19:00:00+00,28.21,49,1008,19.12,NNW,t
Doha,QA,2026-05-17 19:00:00+00,28.57,28,1008,22.21,NNW,t
Casablanca,MA,2026-05-17 19:00:00+00,18.19,63,1018,9.25,N,t
Tunisia,TN,2026-05-17 19:00:00+00,20.29,51,1015,29.38,E,t
Cairo,EG,2026-05-17 18:00:00+00,37.42,15,1008,5.54,N,f
Riyadh,SA,2026-05-17 18:00:00+00,30.26,9,1011,17.64,N,t
Dubai,AE,2026-05-17 18:00:00+00,31.96,55,1005,14.83,NW,t
Baghdad,IQ,2026-05-17 18:00:00+00,26.95,24,1008,5.54,NE,t
Beirut,LB,2026-05-17 18:00:00+00,26.32,53,1007,11.66,S,t
Amman,JO,2026-05-17 18:00:00+00,26.05,24,1010,11.12,WSW,f
Kuwait City,KW,2026-05-17 18:00:00+00,27.66,50,1008,15.95,NNW,t
Doha,QA,2026-05-17 18:00:00+00,28.57,28,1008,31.50,NNW,t
Casablanca,MA,2026-05-17 18:00:00+00,19.13,63,1018,12.96,N,t
Tunisia,TN,2026-05-17 18:00:00+00,21.24,46,1014,31.46,E,t
Cairo,EG,2026-05-17 17:00:00+00,38.42,15,1006,12.96,SSE,f
Riyadh,SA,2026-05-17 17:00:00+00,31.81,9,1010,14.08,N,f
Dubai,AE,2026-05-17 17:00:00+00,31.96,55,1004,18.50,NNW,t
Baghdad,IQ,2026-05-17 17:00:00+00,28.95,21,1007,7.42,N,t
Beirut,LB,2026-05-17 17:00:00+00,26.88,55,1006,12.13,S,t
Amman,JO,2026-05-17 17:00:00+00,27.05,22,1009,18.50,W,f
Kuwait City,KW,2026-05-17 17:00:00+00,31.53,38,1007,17.71,NW,t
Doha,QA,2026-05-17 17:00:00+00,28.97,28,1007,33.34,NNW,t
Casablanca,MA,2026-05-17 17:00:00+00,19.19,63,1018,14.83,N,t
Tunisia,TN,2026-05-17 17:00:00+00,23.23,39,1013,32.26,E,t
Cairo,EG,2026-05-17 16:00:00+00,39.42,14,1005,20.38,S,f
Riyadh,SA,2026-05-17 16:00:00+00,32.87,9,1009,10.73,N,f
Dubai,AE,2026-05-17 16:00:00+00,33.96,40,1004,12.96,NW,f
Baghdad,IQ,2026-05-17 16:00:00+00,30.95,19,1007,14.83,NW,f
Beirut,LB,2026-05-17 16:00:00+00,27.99,58,1007,12.96,SSW,t
Amman,JO,2026-05-17 16:00:00+00,29.05,20,1009,18.50,WSW,t
Kuwait City,KW,2026-05-17 16:00:00+00,32.10,25,1007,20.81,NW,f
Doha,QA,2026-05-17 16:00:00+00,29.97,26,1007,37.04,NNW,f
Casablanca,MA,2026-05-17 16:00:00+00,19.19,63,1018,14.83,N,t
Tunisia,TN,2026-05-17 16:00:00+00,24.43,33,1013,34.38,E,t
Cairo,EG,2026-05-17 15:00:00+00,40.42,13,1005,22.21,SSW,f
Riyadh,SA,2026-05-17 15:00:00+00,34.09,8,1008,12.38,N,f
Dubai,AE,2026-05-17 15:00:00+00,33.96,43,1003,18.50,NW,t
Baghdad,IQ,2026-05-17 15:00:00+00,30.95,18,1006,18.50,WNW,f
Beirut,LB,2026-05-17 15:00:00+00,29.10,57,1007,15.95,SSW,t
Amman,JO,2026-05-17 15:00:00+00,28.05,18,1009,25.92,WSW,t
Kuwait City,KW,2026-05-17 15:00:00+00,34.32,22,1006,20.12,NW,f
Doha,QA,2026-05-17 15:00:00+00,31.97,21,1006,35.17,N,f
Casablanca,MA,2026-05-17 15:00:00+00,19.19,63,1018,12.96,NNE,t
Tunisia,TN,2026-05-17 15:00:00+00,25.36,28,1013,30.17,E,t
Cairo,EG,2026-05-17 14:00:00+00,40.42,12,1005,27.79,SSW,f
Riyadh,SA,2026-05-17 14:00:00+00,34.68,8,1008,14.18,NNW,f
Dubai,AE,2026-05-17 14:00:00+00,34.96,41,1003,16.67,NNW,t
Baghdad,IQ,2026-05-17 14:00:00+00,31.95,20,1006,12.96,NW,f
Beirut,LB,2026-05-17 14:00:00+00,28.54,58,1008,14.90,SSW,t
Amman,JO,2026-05-17 14:00:00+00,29.05,17,1009,24.08,W,t
Kuwait City,KW,2026-05-17 14:00:00+00,32.10,39,1006,19.26,NW,f
Doha,QA,2026-05-17 14:00:00+00,33.57,26,1006,37.04,N,f
Casablanca,MA,2026-05-17 14:00:00+00,19.19,68,1019,14.83,NNE,t
Tunisia,TN,2026-05-17 14:00:00+00,25.90,28,1013,29.12,ENE,f
Cairo,EG,2026-05-17 13:00:00+00,39.42,13,1006,31.50,SSW,f
Riyadh,SA,2026-05-17 13:00:00+00,35.11,9,1007,14.65,N,f
Dubai,AE,2026-05-17 13:00:00+00,34.96,43,1002,20.38,NW,f
Baghdad,IQ,2026-05-17 13:00:00+00,30.95,20,1006,22.21,W,f
Beirut,LB,2026-05-17 13:00:00+00,27.99,58,1009,14.62,SSW,t
Amman,JO,2026-05-17 13:00:00+00,29.05,20,1010,20.38,WSW,t
Kuwait City,KW,2026-05-17 13:00:00+00,34.88,23,1006,17.10,NW,f
Doha,QA,2026-05-17 13:00:00+00,33.97,24,1005,37.04,N,f
Casablanca,MA,2026-05-17 13:00:00+00,19.13,68,1019,12.96,N,f
Tunisia,TN,2026-05-17 13:00:00+00,25.55,29,1014,30.71,ENE,f
Cairo,EG,2026-05-17 12:00:00+00,39.42,13,1007,33.34,S,f
Riyadh,SA,2026-05-17 12:00:00+00,35.10,8,1008,16.42,N,f
Dubai,AE,2026-05-17 12:00:00+00,36.96,36,1003,20.38,NW,t
Baghdad,IQ,2026-05-17 12:00:00+00,29.95,21,1006,20.38,WNW,f
Beirut,LB,2026-05-17 12:00:00+00,28.54,59,1010,13.36,SW,t
Amman,JO,2026-05-17 12:00:00+00,29.05,20,1010,16.67,SW,t
Kuwait City,KW,2026-05-17 12:00:00+00,33.77,34,1006,16.34,NW,f
Doha,QA,2026-05-17 12:00:00+00,34.16,27,1005,38.88,N,t
Casablanca,MA,2026-05-17 12:00:00+00,18.19,68,1019,11.12,N,f
Tunisia,TN,2026-05-17 12:00:00+00,24.89,32,1015,32.51,ENE,f
Cairo,EG,2026-05-17 11:00:00+00,37.42,14,1008,29.63,S,f
Riyadh,SA,2026-05-17 11:00:00+00,35.00,8,1009,17.03,N,f
Dubai,AE,2026-05-17 11:00:00+00,36.96,39,1003,18.50,NW,t
Baghdad,IQ,2026-05-17 11:00:00+00,30.95,20,1007,24.08,W,f
Beirut,LB,2026-05-17 11:00:00+00,28.54,62,1010,13.54,SSW,t
Amman,JO,2026-05-17 11:00:00+00,27.05,22,1011,12.96,SW,f
Kuwait City,KW,2026-05-17 11:00:00+00,32.15,25,1007,9.32,NW,f
Doha,QA,2026-05-17 11:00:00+00,34.99,28,1005,40.75,N,t
Casablanca,MA,2026-05-17 11:00:00+00,18.19,72,1019,12.96,N,t
Tunisia,TN,2026-05-17 11:00:00+00,23.58,33,1015,34.42,ENE,f
Cairo,EG,2026-05-17 10:00:00+00,36.42,15,1009,24.08,SSW,f
Riyadh,SA,2026-05-17 10:00:00+00,34.36,9,1009,17.75,NNE,f
Dubai,AE,2026-05-17 10:00:00+00,34.96,52,1004,24.08,NNW,t
Baghdad,IQ,2026-05-17 10:00:00+00,29.95,25,1008,20.38,WNW,f
Beirut,LB,2026-05-17 10:00:00+00,29.10,64,1011,15.84,SW,t
Amman,JO,2026-05-17 10:00:00+00,26.05,19,1012,16.67,WSW,t
Kuwait City,KW,2026-05-17 10:00:00+00,33.21,25,1008,7.02,NW,f
Doha,QA,2026-05-17 10:00:00+00,34.16,31,1005,38.88,N,t
Casablanca,MA,2026-05-17 10:00:00+00,18.19,72,1019,12.96,N,t
Tunisia,TN,2026-05-17 10:00:00+00,22.91,36,1015,35.14,ENE,f
Cairo,EG,2026-05-17 09:00:00+00,35.42,16,1009,25.92,S,f
Riyadh,SA,2026-05-17 09:00:00+00,33.41,9,1010,19.87,NNE,f
Dubai,AE,2026-05-17 09:00:00+00,34.96,55,1004,22.21,NW,t
Baghdad,IQ,2026-05-17 09:00:00+00,27.95,30,1008,16.67,W,t
Beirut,LB,2026-05-17 09:00:00+00,27.99,63,1011,20.70,SW,t
Amman,JO,2026-05-17 09:00:00+00,24.05,22,1012,14.83,WSW,t
Kuwait City,KW,2026-05-17 09:00:00+00,30.48,24,1009,6.08,NW,f
Doha,QA,2026-05-17 09:00:00+00,33.99,33,1006,40.75,N,t
Casablanca,MA,2026-05-17 09:00:00+00,17.50,80,1018,11.12,N,f
Tunisia,TN,2026-05-17 09:00:00+00,20.87,40,1015,37.62,ENE,f
Cairo,EG,2026-05-17 08:00:00+00,33.42,19,1009,16.67,S,f
Riyadh,SA,2026-05-17 08:00:00+00,31.97,10,1010,21.24,NNE,f
Dubai,AE,2026-05-17 08:00:00+00,36.96,47,1004,24.08,NW,f
Baghdad,IQ,2026-05-17 08:00:00+00,25.95,36,1008,16.67,W,t
Beirut,LB,2026-05-17 08:00:00+00,26.88,63,1011,15.44,SW,t
Amman,JO,2026-05-17 08:00:00+00,22.05,26,1013,11.12,SW,t
Kuwait City,KW,2026-05-17 08:00:00+00,32.10,27,1009,8.24,NW,f
Doha,QA,2026-05-17 08:00:00+00,33.57,39,1006,35.17,N,t
Casablanca,MA,2026-05-17 08:00:00+00,17.02,82,1018,5.54,WNW,f
Tunisia,TN,2026-05-17 08:00:00+00,19.10,45,1015,40.36,ENE,f
Cairo,EG,2026-05-17 07:00:00+00,32.42,19,1010,11.12,SE,f
Riyadh,SA,2026-05-17 07:00:00+00,29.57,11,1011,23.15,NNE,t
Dubai,AE,2026-05-17 07:00:00+00,38.96,24,1004,11.12,SE,f
Baghdad,IQ,2026-05-17 07:00:00+00,24.95,36,1009,18.50,WNW,t
Beirut,LB,2026-05-17 07:00:00+00,26.32,59,1012,18.86,SW,t
Amman,JO,2026-05-17 07:00:00+00,20.05,30,1013,12.96,WSW,t
Kuwait City,KW,2026-05-17 07:00:00+00,31.55,37,1010,7.81,NNW,t
Doha,QA,2026-05-17 07:00:00+00,32.57,40,1006,38.88,N,f
Casablanca,MA,2026-05-17 07:00:00+00,15.19,87,1017,5.54,W,t
Tunisia,TN,2026-05-17 07:00:00+00,17.49,50,1015,40.97,ENE,f
Cairo,EG,2026-05-17 06:00:00+00,29.42,28,1009,7.42,E,t
Riyadh,SA,2026-05-17 06:00:00+00,27.16,13,1011,26.28,NNE,f
Dubai,AE,2026-05-17 06:00:00+00,35.96,44,1004,11.12,SE,f
Baghdad,IQ,2026-05-17 06:00:00+00,22.95,43,1008,20.38,WNW,f
Beirut,LB,2026-05-17 06:00:00+00,24.65,56,1011,21.35,SW,t
Amman,JO,2026-05-17 06:00:00+00,17.05,39,1013,16.67,WSW,f
Kuwait City,KW,2026-05-17 06:00:00+00,28.09,29,1009,7.78,N,t
Doha,QA,2026-05-17 06:00:00+00,32.16,42,1006,29.63,N,f
Casablanca,MA,2026-05-17 06:00:00+00,15.18,87,1017,3.71,N,t
Tunisia,TN,2026-05-17 06:00:00+00,16.82,53,1015,37.48,NE,t
Cairo,EG,2026-05-17 05:00:00+00,27.42,32,1010,3.71,NNW,t
Riyadh,SA,2026-05-17 05:00:00+00,26.62,15,1011,29.95,NNE,f
Dubai,AE,2026-05-17 05:00:00+00,31.96,58,1004,12.96,ESE,t
Baghdad,IQ,2026-05-17 05:00:00+00,21.95,40,1008,20.38,WNW,f
Beirut,LB,2026-05-17 05:00:00+00,21.88,63,1011,25.52,SW,t
Amman,JO,2026-05-17 05:00:00+00,16.05,44,1013,7.42,WSW,f
Kuwait City,KW,2026-05-17 05:00:00+00,26.96,32,1009,7.27,NNE,t
Doha,QA,2026-05-17 05:00:00+00,30.57,48,1005,31.50,N,t
Casablanca,MA,2026-05-17 05:00:00+00,15.74,87,1016,1.84,N,t
Tunisia,TN,2026-05-17 05:00:00+00,16.31,54,1014,37.08,NE,t
Cairo,EG,2026-05-17 04:00:00+00,24.42,38,1009,7.42,SSE,t
Riyadh,SA,2026-05-17 04:00:00+00,25.74,15,1010,32.00,NNE,t
Dubai,AE,2026-05-17 04:00:00+00,29.96,70,1004,7.42,E,t
Baghdad,IQ,2026-05-17 04:00:00+00,20.95,43,1008,20.38,WNW,f
Beirut,LB,2026-05-17 04:00:00+00,18.54,61,1010,22.72,SW,t
Amman,JO,2026-05-17 04:00:00+00,14.05,62,1013,3.71,W,f
Kuwait City,KW,2026-05-17 04:00:00+00,28.77,35,1009,8.82,N,t
Doha,QA,2026-05-17 04:00:00+00,29.57,48,1004,31.50,N,t
Casablanca,MA,2026-05-17 04:00:00+00,15.74,82,1017,1.84,N,f
Tunisia,TN,2026-05-17 04:00:00+00,16.49,54,1013,39.38,NE,f
Cairo,EG,2026-05-17 03:00:00+00,23.42,40,1009,5.54,SSW,f
Riyadh,SA,2026-05-17 03:00:00+00,25.63,15,1009,25.56,N,t
Dubai,AE,2026-05-17 03:00:00+00,27.96,78,1003,9.25,E,t
Baghdad,IQ,2026-05-17 03:00:00+00,19.95,45,1007,12.96,W,t
Beirut,LB,2026-05-17 03:00:00+00,17.99,62,1010,19.66,SSW,t
Amman,JO,2026-05-17 03:00:00+00,14.05,62,1013,7.42,WSW,f
Kuwait City,KW,2026-05-17 03:00:00+00,27.66,37,1008,15.48,N,t
Doha,QA,2026-05-17 03:00:00+00,30.16,45,1004,27.79,NNW,t
Casablanca,MA,2026-05-17 03:00:00+00,15.74,82,1017,1.84,N,f
Tunisia,TN,2026-05-17 03:00:00+00,17.49,55,1013,38.41,NE,t
Cairo,EG,2026-05-17 02:00:00+00,24.42,38,1010,9.25,SSE,t
Riyadh,SA,2026-05-17 02:00:00+00,25.61,13,1008,20.70,NNE,t
Dubai,AE,2026-05-17 02:00:00+00,27.96,78,1003,12.96,E,t
Baghdad,IQ,2026-05-17 02:00:00+00,19.95,42,1006,11.12,WSW,t
Beirut,LB,2026-05-17 02:00:00+00,17.99,64,1010,18.22,SSW,t
Amman,JO,2026-05-17 02:00:00+00,14.05,62,1013,12.96,WSW,f
Kuwait City,KW,2026-05-17 02:00:00+00,27.66,38,1008,18.25,N,t
Doha,QA,2026-05-17 02:00:00+00,29.97,50,1003,31.50,NNW,t
Casablanca,MA,2026-05-17 02:00:00+00,16.85,82,1017,3.71,N,f
Tunisia,TN,2026-05-17 02:00:00+00,17.64,59,1009,59.26,E,t
Cairo,EG,2026-05-17 01:00:00+00,24.42,41,1010,11.12,SE,t
Riyadh,SA,2026-05-17 01:00:00+00,26.05,11,1008,20.12,NNE,t
Dubai,AE,2026-05-17 01:00:00+00,28.96,74,1002,11.12,E,t
Baghdad,IQ,2026-05-17 01:00:00+00,21.95,37,1006,11.12,W,t
Beirut,LB,2026-05-17 01:00:00+00,16.32,68,1011,18.25,S,t
Amman,JO,2026-05-17 01:00:00+00,15.05,55,1013,14.83,WSW,f
Kuwait City,KW,2026-05-17 01:00:00+00,27.66,38,1007,20.59,N,t
Doha,QA,2026-05-17 01:00:00+00,28.94,58,1002,9.25,NNW,t
Casablanca,MA,2026-05-17 01:00:00+00,17.02,82,1017,5.54,NNE,f
Tunisia,TN,2026-05-17 01:00:00+00,18.20,53,1011,48.96,ENE,t
Cairo,EG,2026-05-17 00:00:00+00,24.42,46,1011,9.25,E,t
Riyadh,SA,2026-05-17 00:00:00+00,26.87,11,1007,19.87,NNE,f
Dubai,AE,2026-05-17 00:00:00+00,29.96,70,1002,7.42,ENE,t
Baghdad,IQ,2026-05-17 00:00:00+00,21.95,37,1005,12.96,WSW,t
Beirut,LB,2026-05-17 00:00:00+00,15.21,69,1012,20.38,SSW,t
Amman,JO,2026-05-17 00:00:00+00,14.05,62,1013,0.00,N,f
Kuwait City,KW,2026-05-17 00:00:00+00,27.66,36,1006,19.48,N,t
Doha,QA,2026-05-17 00:00:00+00,30.57,54,1001,11.12,S,t
Casablanca,MA,2026-05-17 00:00:00+00,17.02,82,1017,3.71,N,f
Tunisia,TN,2026-05-17 00:00:00+00,18.67,53,1012,48.46,ENE,t
Cairo,EG,2026-05-16 23:00:00+00,24.42,50,1012,14.83,ENE,t
Riyadh,SA,2026-05-16 23:00:00+00,27.35,11,1006,19.15,N,t
Dubai,AE,2026-05-16 23:00:00+00,29.96,70,1002,5.54,ENE,t
Baghdad,IQ,2026-05-16 23:00:00+00,22.95,35,1005,9.25,SW,f
Beirut,LB,2026-05-16 23:00:00+00,16.32,69,1011,18.50,SSW,t
Amman,JO,2026-05-16 23:00:00+00,15.05,55,1013,0.00,N,f
Kuwait City,KW,2026-05-16 23:00:00+00,28.21,34,1006,25.67,NNW,t
Doha,QA,2026-05-16 23:00:00+00,29.97,58,1000,18.50,SSE,t
Casablanca,MA,2026-05-16 23:00:00+00,17.02,82,1018,9.25,NNE,f
Tunisia,TN,2026-05-16 23:00:00+00,18.90,55,1012,42.34,ENE,t
Cairo,EG,2026-05-16 22:00:00+00,25.42,33,1012,7.42,NE,t
Riyadh,SA,2026-05-16 22:00:00+00,28.25,11,1006,19.15,N,t
Dubai,AE,2026-05-16 22:00:00+00,29.96,66,1002,3.71,N,t
Baghdad,IQ,2026-05-16 22:00:00+00,23.95,33,1004,7.42,WSW,f
Beirut,LB,2026-05-16 22:00:00+00,15.77,71,1012,21.38,SSW,t
Amman,JO,2026-05-16 22:00:00+00,15.05,63,1013,5.54,NW,f
Kuwait City,KW,2026-05-16 22:00:00+00,28.77,36,1005,31.50,NNW,t
Doha,QA,2026-05-16 22:00:00+00,29.97,54,1000,12.96,SSE,t
Casablanca,MA,2026-05-16 22:00:00+00,17.02,77,1018,9.25,N,f
Tunisia,TN,2026-05-16 22:00:00+00,19.23,57,1012,46.19,ENE,t
Cairo,EG,2026-05-16 21:00:00+00,26.42,31,1012,11.12,ENE,t
Riyadh,SA,2026-05-16 21:00:00+00,29.23,10,1006,21.24,N,t
Dubai,AE,2026-05-16 21:00:00+00,29.96,66,1002,3.71,SSW,t
Baghdad,IQ,2026-05-16 21:00:00+00,24.95,31,1004,11.12,W,t
Beirut,LB,2026-05-16 21:00:00+00,16.88,72,1012,23.72,SSW,t
Amman,JO,2026-05-16 21:00:00+00,16.05,55,1013,9.25,W,f
Kuwait City,KW,2026-05-16 21:00:00+00,29.32,35,1005,35.71,NNW,t
Doha,QA,2026-05-16 21:00:00+00,30.97,53,1000,16.67,SSE,t
Casablanca,MA,2026-05-16 21:00:00+00,18.07,72,1017,7.42,N,f
Tunisia,TN,2026-05-16 21:00:00+00,19.56,60,1012,46.73,E,t
Cairo,EG,2026-05-16 20:00:00+00,28.42,32,1012,7.42,NNE,t
Riyadh,SA,2026-05-16 20:00:00+00,30.61,10,1006,27.14,N,f
Dubai,AE,2026-05-16 20:00:00+00,30.96,66,1003,5.54,WSW,t
Baghdad,IQ,2026-05-16 20:00:00+00,25.95,27,1005,7.42,SW,t
Beirut,LB,2026-05-16 20:00:00+00,16.88,74,1012,26.06,SSW,t
Amman,JO,2026-05-16 20:00:00+00,16.05,67,1014,14.83,NW,t
Kuwait City,KW,2026-05-16 20:00:00+00,29.88,32,1005,33.77,NNW,t
Doha,QA,2026-05-16 20:00:00+00,30.38,55,1001,16.67,SSE,t
Casablanca,MA,2026-05-16 20:00:00+00,18.19,72,1017,7.42,N,t
Tunisia,TN,2026-05-16 20:00:00+00,20.32,56,1013,38.74,E,t
Cairo,EG,2026-05-16 19:00:00+00,28.42,30,1012,11.12,N,t
Riyadh,SA,2026-05-16 19:00:00+00,32.06,11,1006,31.72,N,f
Dubai,AE,2026-05-16 19:00:00+00,30.96,66,1003,3.71,N,t
Baghdad,IQ,2026-05-16 19:00:00+00,26.95,24,1004,9.25,WNW,f
Beirut,LB,2026-05-16 19:00:00+00,17.43,77,1012,23.15,SSW,t
Amman,JO,2026-05-16 19:00:00+00,17.05,59,1013,14.83,NW,t
Kuwait City,KW,2026-05-16 19:00:00+00,30.99,28,1004,31.72,NNW,f
Doha,QA,2026-05-16 19:00:00+00,31.38,46,1001,14.83,SE,f
Casablanca,MA,2026-05-16 19:00:00+00,19.19,68,1016,9.25,N,t
Tunisia,TN,2026-05-16 19:00:00+00,21.29,54,1012,41.29,E,t
Cairo,EG,2026-05-16 18:00:00+00,28.42,30,1011,11.12,NNW,t
Riyadh,SA,2026-05-16 18:00:00+00,33.38,11,1005,32.62,N,f
Dubai,AE,2026-05-16 18:00:00+00,30.96,66,1003,7.42,WSW,t
Baghdad,IQ,2026-05-16 18:00:00+00,26.95,24,1004,9.25,WNW,f
Beirut,LB,2026-05-16 18:00:00+00,17.99,79,1011,19.76,SSW,t
Amman,JO,2026-05-16 18:00:00+00,19.05,48,1013,18.50,NW,t
Kuwait City,KW,2026-05-16 18:00:00+00,31.55,29,1003,31.93,NNW,t
Doha,QA,2026-05-16 18:00:00+00,31.97,40,1001,11.12,ESE,f
Casablanca,MA,2026-05-16 18:00:00+00,19.19,72,1016,11.12,N,t
Tunisia,TN,2026-05-16 18:00:00+00,22.68,48,1011,40.50,E,t
Cairo,EG,2026-05-16 17:00:00+00,29.42,28,1010,12.96,WNW,t
Riyadh,SA,2026-05-16 17:00:00+00,34.68,9,1004,33.05,NNW,f
Dubai,AE,2026-05-16 17:00:00+00,30.96,62,1002,5.54,WSW,t
Baghdad,IQ,2026-05-16 17:00:00+00,28.95,20,1003,20.38,W,t
Beirut,LB,2026-05-16 17:00:00+00,18.54,81,1011,21.42,SSW,t
Amman,JO,2026-05-16 17:00:00+00,20.05,42,1012,22.21,WNW,t
Kuwait City,KW,2026-05-16 17:00:00+00,32.66,30,1002,34.70,NW,f
Doha,QA,2026-05-16 17:00:00+00,32.97,31,1001,11.12,ESE,t
Casablanca,MA,2026-05-16 17:00:00+00,20.19,68,1016,9.25,N,t
Tunisia,TN,2026-05-16 17:00:00+00,24.21,43,1010,35.82,E,t
Cairo,EG,2026-05-16 16:00:00+00,30.42,26,1010,18.50,NNW,f
Riyadh,SA,2026-05-16 16:00:00+00,36.81,7,1003,31.82,NW,f
Dubai,AE,2026-05-16 16:00:00+00,30.96,62,1002,9.25,WNW,t
Baghdad,IQ,2026-05-16 16:00:00+00,29.95,20,1002,22.21,WNW,f
Beirut,LB,2026-05-16 16:00:00+00,20.21,81,1011,22.54,SSW,t
Amman,JO,2026-05-16 16:00:00+00,21.05,40,1011,22.21,W,t
Kuwait City,KW,2026-05-16 16:00:00+00,33.77,26,1001,32.83,WNW,f
Doha,QA,2026-05-16 16:00:00+00,32.99,31,1001,14.83,SSE,f
Casablanca,MA,2026-05-16 16:00:00+00,20.19,73,1016,11.12,NNW,t
Tunisia,TN,2026-05-16 16:00:00+00,27.06,35,1010,31.00,E,t
Cairo,EG,2026-05-16 15:00:00+00,30.42,25,1009,11.12,NW,f
Riyadh,SA,2026-05-16 15:00:00+00,39.07,6,1001,30.60,WNW,f
Dubai,AE,2026-05-16 15:00:00+00,31.96,58,1001,11.12,NW,t
Baghdad,IQ,2026-05-16 15:00:00+00,29.95,21,1002,29.63,W,f
Beirut,LB,2026-05-16 15:00:00+00,20.77,81,1011,24.52,SSW,t
Amman,JO,2026-05-16 15:00:00+00,22.05,40,1011,27.79,W,t
Kuwait City,KW,2026-05-16 15:00:00+00,35.99,19,1000,33.80,WNW,f
Doha,QA,2026-05-16 15:00:00+00,33.99,24,1000,20.38,SE,f
Casablanca,MA,2026-05-16 15:00:00+00,19.19,77,1016,11.12,NNW,t
Tunisia,TN,2026-05-16 15:00:00+00,28.52,32,1009,30.49,E,t
Cairo,EG,2026-05-16 14:00:00+00,30.42,26,1009,11.12,NNW,f
Riyadh,SA,2026-05-16 14:00:00+00,40.60,5,1001,26.96,WNW,f
Dubai,AE,2026-05-16 14:00:00+00,32.96,52,1001,18.50,NW,t
Baghdad,IQ,2026-05-16 14:00:00+00,29.95,23,1002,29.63,W,f
Beirut,LB,2026-05-16 14:00:00+00,21.32,79,1011,24.77,SW,t
Amman,JO,2026-05-16 14:00:00+00,22.05,43,1011,27.79,W,t
Kuwait City,KW,2026-05-16 14:00:00+00,37.10,16,1000,31.54,WNW,f
Doha,QA,2026-05-16 14:00:00+00,33.99,36,1000,20.38,SE,t
Casablanca,MA,2026-05-16 14:00:00+00,19.19,77,1016,5.54,N,t
Tunisia,TN,2026-05-16 14:00:00+00,28.95,31,1008,35.89,ENE,t
Cairo,EG,2026-05-16 13:00:00+00,29.42,28,1010,11.12,NW,t
Riyadh,SA,2026-05-16 13:00:00+00,41.30,5,1001,27.90,W,f
Dubai,AE,2026-05-16 13:00:00+00,33.96,49,1001,16.67,NNW,t
Baghdad,IQ,2026-05-16 13:00:00+00,29.95,23,1002,33.34,W,f
Beirut,LB,2026-05-16 13:00:00+00,21.32,81,1011,26.39,SW,t
Amman,JO,2026-05-16 13:00:00+00,22.05,43,1011,27.79,W,f
Kuwait City,KW,2026-05-16 13:00:00+00,33.05,22,1000,28.80,WNW,f
Doha,QA,2026-05-16 13:00:00+00,34.99,28,1000,20.38,E,t
Casablanca,MA,2026-05-16 13:00:00+00,18.19,88,1016,3.71,N,t
Tunisia,TN,2026-05-16 13:00:00+00,28.46,31,1009,32.44,ENE,t
Cairo,EG,2026-05-16 12:00:00+00,28.42,30,1011,9.25,N,t
Riyadh,SA,2026-05-16 12:00:00+00,41.28,5,1001,24.23,W,f
Dubai,AE,2026-05-16 12:00:00+00,34.96,46,1001,18.50,NW,t
Baghdad,IQ,2026-05-16 12:00:00+00,28.95,26,1002,33.34,W,t
Beirut,LB,2026-05-16 12:00:00+00,20.21,81,1011,26.89,SW,t
Amman,JO,2026-05-16 12:00:00+00,22.05,40,1011,25.92,W,t
Kuwait City,KW,2026-05-16 12:00:00+00,38.21,18,1000,14.69,WNW,f
Doha,QA,2026-05-16 12:00:00+00,34.99,31,1001,18.50,ESE,t
Casablanca,MA,2026-05-16 12:00:00+00,17.19,88,1016,5.54,W,t
Tunisia,TN,2026-05-16 12:00:00+00,28.30,31,1010,26.17,ENE,t
Cairo,EG,2026-05-14 02:00:00+00,25.42,47,1010,11.12,SE,t
Riyadh,SA,2026-05-14 02:00:00+00,25.39,15,1008,7.27,NE,t
Dubai,AE,2026-05-14 02:00:00+00,26.96,54,1002,12.96,SSW,t
Baghdad,IQ,2026-05-14 02:00:00+00,21.95,43,1006,12.96,NW,t
Beirut,LB,2026-05-14 02:00:00+00,20.77,53,1009,17.68,SSW,t
Amman,JO,2026-05-14 02:00:00+00,19.05,30,1012,11.12,WSW,f
Kuwait City,KW,2026-05-14 02:00:00+00,30.44,29,1004,18.14,W,f
Doha,QA,2026-05-14 02:00:00+00,29.94,30,1003,18.50,NNW,t
Casablanca,MA,2026-05-14 02:00:00+00,17.02,77,1016,9.25,E,f
Tunisia,TN,2026-05-14 02:00:00+00,20.33,49,1014,29.45,ENE,t
Cairo,EG,2026-05-14 01:00:00+00,25.42,50,1010,9.25,ESE,t
Riyadh,SA,2026-05-14 01:00:00+00,25.60,14,1008,10.19,NE,t
Dubai,AE,2026-05-14 01:00:00+00,27.96,51,1002,11.12,SSW,t
Baghdad,IQ,2026-05-14 01:00:00+00,23.95,35,1005,7.42,WNW,f
Beirut,LB,2026-05-14 01:00:00+00,20.21,53,1009,16.52,SSW,t
Amman,JO,2026-05-14 01:00:00+00,20.05,28,1013,0.00,N,f
Kuwait City,KW,2026-05-14 01:00:00+00,32.10,27,1003,14.22,SW,f
Doha,QA,2026-05-14 01:00:00+00,32.99,21,1003,18.50,NNW,f
Casablanca,MA,2026-05-14 01:00:00+00,17.02,72,1017,11.12,E,f
Tunisia,TN,2026-05-14 01:00:00+00,21.06,46,1014,32.26,ENE,t
Cairo,EG,2026-05-14 00:00:00+00,25.42,47,1011,9.25,ENE,t
Riyadh,SA,2026-05-14 00:00:00+00,27.88,15,1007,12.71,NNE,f
Dubai,AE,2026-05-14 00:00:00+00,27.96,51,1001,14.83,SSW,t
Baghdad,IQ,2026-05-14 00:00:00+00,22.95,38,1005,1.84,N,t
Beirut,LB,2026-05-14 00:00:00+00,20.77,53,1010,18.86,SW,t
Amman,JO,2026-05-14 00:00:00+00,19.05,32,1013,12.96,W,f
Kuwait City,KW,2026-05-14 00:00:00+00,33.77,25,1003,13.79,SW,f
Doha,QA,2026-05-14 00:00:00+00,32.99,21,1003,18.50,NNW,f
Casablanca,MA,2026-05-14 00:00:00+00,17.02,72,1017,11.12,ENE,f
Tunisia,TN,2026-05-14 00:00:00+00,21.85,44,1014,33.84,ENE,f
Cairo,EG,2026-05-13 23:00:00+00,26.42,41,1011,12.96,NE,t
Riyadh,SA,2026-05-13 23:00:00+00,28.76,14,1008,14.18,NNE,t
Dubai,AE,2026-05-13 23:00:00+00,28.96,48,1001,9.25,SSW,t
Baghdad,IQ,2026-05-13 23:00:00+00,25.95,29,1005,11.12,NW,t
Beirut,LB,2026-05-13 23:00:00+00,21.32,52,1010,15.62,SSW,t
Amman,JO,2026-05-13 23:00:00+00,19.05,39,1013,3.71,E,f
Kuwait City,KW,2026-05-13 23:00:00+00,33.21,25,1004,15.98,SW,f
Doha,QA,2026-05-13 23:00:00+00,30.94,30,1003,18.50,NNW,t
Casablanca,MA,2026-05-13 23:00:00+00,18.07,72,1018,11.12,E,f
Tunisia,TN,2026-05-13 23:00:00+00,22.41,41,1015,31.03,ENE,f
Cairo,EG,2026-05-13 22:00:00+00,27.42,36,1012,14.83,NE,t
Riyadh,SA,2026-05-13 22:00:00+00,29.59,14,1008,15.80,NNE,t
Dubai,AE,2026-05-13 22:00:00+00,28.96,54,1002,11.12,SSW,t
Baghdad,IQ,2026-05-13 22:00:00+00,25.95,25,1005,14.83,NW,f
Beirut,LB,2026-05-13 22:00:00+00,21.32,55,1011,16.88,SSW,t
Amman,JO,2026-05-13 22:00:00+00,20.05,40,1014,0.00,N,t
Kuwait City,KW,2026-05-13 22:00:00+00,34.32,26,1004,13.10,SW,f
Doha,QA,2026-05-13 22:00:00+00,29.94,37,1004,14.83,NNW,t
Casablanca,MA,2026-05-13 22:00:00+00,18.07,72,1018,9.25,ENE,f
Tunisia,TN,2026-05-13 22:00:00+00,26.52,19,1014,16.02,WNW,f
Cairo,EG,2026-05-05 23:00:00+00,16.42,51,1017,12.96,N,f
Riyadh,SA,2026-05-05 23:00:00+00,31.65,16,1007,16.78,NNE,f
Dubai,AE,2026-05-05 23:00:00+00,30.96,48,1005,7.42,NE,t
Baghdad,IQ,2026-05-05 23:00:00+00,17.95,45,1011,7.42,N,t
Beirut,LB,2026-05-05 23:00:00+00,11.88,67,1014,7.81,S,f
Amman,JO,2026-05-05 23:00:00+00,11.05,76,1016,9.25,N,f
Kuwait City,KW,2026-05-05 23:00:00+00,28.77,45,1007,35.21,NNW,t
Doha,QA,2026-05-05 23:00:00+00,28.97,65,1004,7.42,ESE,t
Casablanca,MA,2026-05-05 23:00:00+00,17.02,63,1016,9.25,NE,t
Tunisia,TN,2026-05-05 23:00:00+00,22.02,45,1010,39.35,ENE,t
Cairo,EG,2026-05-05 22:00:00+00,17.42,48,1017,16.67,N,f
Riyadh,SA,2026-05-05 22:00:00+00,32.86,15,1007,16.56,N,f
Dubai,AE,2026-05-05 22:00:00+00,30.96,48,1005,5.54,NE,t
Baghdad,IQ,2026-05-05 22:00:00+00,18.95,45,1011,3.71,NNW,t
Beirut,LB,2026-05-05 22:00:00+00,12.43,67,1015,7.99,SE,f
Amman,JO,2026-05-05 22:00:00+00,11.05,76,1017,12.96,NW,f
Kuwait City,KW,2026-05-05 22:00:00+00,29.32,44,1007,36.43,NNW,t
Doha,QA,2026-05-05 22:00:00+00,28.38,70,1004,7.42,E,t
Casablanca,MA,2026-05-05 22:00:00+00,17.02,67,1016,9.25,NNE,t
Tunisia,TN,2026-05-05 22:00:00+00,22.61,40,1011,36.29,ENE,t
Cairo,EG,2026-05-05 21:00:00+00,17.42,48,1018,20.38,N,f
Riyadh,SA,2026-05-05 21:00:00+00,33.53,14,1008,9.97,NNW,f
Dubai,AE,2026-05-05 21:00:00+00,30.96,51,1005,7.42,ENE,t
Baghdad,IQ,2026-05-05 21:00:00+00,18.95,42,1011,3.71,NE,t
Beirut,LB,2026-05-05 21:00:00+00,12.99,67,1016,8.46,SE,f
Amman,JO,2026-05-05 21:00:00+00,11.05,71,1017,11.12,NW,f
Kuwait City,KW,2026-05-05 21:00:00+00,30.44,41,1007,35.89,NNW,f
Doha,QA,2026-05-05 21:00:00+00,28.97,70,1005,7.42,E,t
Casablanca,MA,2026-05-05 21:00:00+00,17.02,67,1016,11.12,NNE,t
Tunisia,TN,2026-05-05 21:00:00+00,23.29,36,1011,37.15,ENE,t
Cairo,EG,2026-05-05 20:00:00+00,18.42,45,1018,22.21,N,f
Riyadh,SA,2026-05-05 20:00:00+00,33.88,14,1008,3.53,NNE,f
Dubai,AE,2026-05-05 20:00:00+00,30.96,55,1006,11.12,NE,t
Baghdad,IQ,2026-05-05 20:00:00+00,20.95,35,1011,3.71,NNE,t
Beirut,LB,2026-05-05 20:00:00+00,12.99,68,1016,9.43,SSE,f
Amman,JO,2026-05-05 20:00:00+00,11.05,71,1017,12.96,NW,f
Kuwait City,KW,2026-05-05 20:00:00+00,31.55,39,1007,33.55,NNW,f
Doha,QA,2026-05-05 20:00:00+00,28.97,68,1005,5.54,NNE,t
Casablanca,MA,2026-05-05 20:00:00+00,18.07,63,1016,11.12,NNE,t
Tunisia,TN,2026-05-05 20:00:00+00,23.81,34,1011,37.04,ENE,t
Cairo,EG,2026-05-05 19:00:00+00,19.42,45,1017,24.08,N,f
Riyadh,SA,2026-05-05 19:00:00+00,34.25,12,1008,7.45,NNW,f
Dubai,AE,2026-05-05 19:00:00+00,30.96,55,1006,11.12,NE,t
Baghdad,IQ,2026-05-05 19:00:00+00,21.95,30,1011,1.84,NW,f
Beirut,LB,2026-05-05 19:00:00+00,12.99,69,1016,9.18,SSE,f
Amman,JO,2026-05-05 19:00:00+00,12.05,62,1017,18.50,W,f
Kuwait City,KW,2026-05-05 19:00:00+00,32.10,37,1007,30.74,NNW,f
Doha,QA,2026-05-05 19:00:00+00,28.97,63,1006,9.25,NE,t
Casablanca,MA,2026-05-05 19:00:00+00,18.19,55,1016,14.83,NNE,t
Tunisia,TN,2026-05-05 19:00:00+00,24.27,37,1009,34.81,ENE,t
Cairo,EG,2026-05-05 18:00:00+00,20.42,40,1017,24.08,NNW,t
Riyadh,SA,2026-05-05 18:00:00+00,35.28,11,1008,12.82,NW,f
Dubai,AE,2026-05-05 18:00:00+00,30.96,58,1006,9.25,NE,t
Baghdad,IQ,2026-05-05 18:00:00+00,24.95,27,1011,9.25,W,t
Beirut,LB,2026-05-05 18:00:00+00,12.99,68,1015,9.72,SSE,f
Amman,JO,2026-05-05 18:00:00+00,13.05,58,1016,18.50,WNW,f
Kuwait City,KW,2026-05-05 18:00:00+00,33.77,34,1007,29.74,NNW,f
Doha,QA,2026-05-05 18:00:00+00,29.99,58,1006,12.96,N,t
Casablanca,MA,2026-05-05 18:00:00+00,18.65,53,1015,14.83,NNE,t
Tunisia,TN,2026-05-05 18:00:00+00,25.98,31,1009,35.71,ENE,t
Cairo,EG,2026-05-05 17:00:00+00,21.42,32,1016,22.21,NW,f
Riyadh,SA,2026-05-05 17:00:00+00,35.80,11,1007,9.58,N,f
Dubai,AE,2026-05-05 17:00:00+00,30.96,58,1006,5.54,N,t
Baghdad,IQ,2026-05-05 17:00:00+00,25.95,25,1011,12.96,WNW,t
Beirut,LB,2026-05-05 17:00:00+00,13.54,67,1015,8.68,S,f
Amman,JO,2026-05-05 17:00:00+00,14.05,44,1015,25.92,W,f
Kuwait City,KW,2026-05-05 17:00:00+00,32.94,36,1006,26.24,NNW,f
Doha,QA,2026-05-05 17:00:00+00,29.99,58,1006,14.83,NNE,t
Casablanca,MA,2026-05-05 17:00:00+00,19.13,52,1015,12.96,NNE,t
Tunisia,TN,2026-05-05 17:00:00+00,28.05,28,1009,38.30,ENE,t
Cairo,EG,2026-05-05 16:00:00+00,22.42,30,1015,24.08,NNW,t
Riyadh,SA,2026-05-05 16:00:00+00,36.42,11,1006,16.31,WNW,f
Dubai,AE,2026-05-05 16:00:00+00,30.96,66,1005,16.67,NW,t
Baghdad,IQ,2026-05-05 16:00:00+00,27.95,24,1010,18.50,WNW,f
Beirut,LB,2026-05-05 16:00:00+00,13.54,66,1014,8.17,SSW,f
Amman,JO,2026-05-05 16:00:00+00,15.05,41,1015,29.63,W,f
Kuwait City,KW,2026-05-05 16:00:00+00,33.77,41,1004,5.65,NW,f
Doha,QA,2026-05-05 16:00:00+00,30.99,51,1005,18.50,N,t
Casablanca,MA,2026-05-05 16:00:00+00,19.13,48,1015,14.83,NNE,t
Tunisia,TN,2026-05-05 16:00:00+00,30.20,23,1009,33.84,ENE,t
Cairo,EG,2026-05-05 15:00:00+00,23.42,27,1015,20.38,NNW,f
Riyadh,SA,2026-05-05 15:00:00+00,38.42,9,1005,23.11,WNW,f
Dubai,AE,2026-05-05 15:00:00+00,30.96,62,1004,18.50,NW,t
Baghdad,IQ,2026-05-05 15:00:00+00,27.95,26,1009,18.50,NW,f
Beirut,LB,2026-05-05 15:00:00+00,13.54,66,1014,10.01,SW,f
Amman,JO,2026-05-05 15:00:00+00,16.05,39,1015,24.08,W,f
Kuwait City,KW,2026-05-05 15:00:00+00,30.44,54,1003,17.89,SE,t
Doha,QA,2026-05-05 15:00:00+00,31.99,48,1005,18.50,NNE,t
Casablanca,MA,2026-05-05 15:00:00+00,20.19,49,1015,12.96,NNE,t
Tunisia,TN,2026-05-05 15:00:00+00,31.24,20,1009,27.47,ENE,f
Cairo,EG,2026-05-05 14:00:00+00,23.42,25,1015,22.21,WNW,f
Riyadh,SA,2026-05-05 14:00:00+00,39.48,10,1005,23.40,WNW,f
Dubai,AE,2026-05-05 14:00:00+00,32.96,49,1004,20.38,NW,t
Baghdad,IQ,2026-05-05 14:00:00+00,27.95,26,1009,20.38,NW,f
Beirut,LB,2026-05-05 14:00:00+00,13.54,65,1014,16.09,SW,f
Amman,JO,2026-05-05 14:00:00+00,15.05,47,1014,31.50,W,f
Kuwait City,KW,2026-05-05 14:00:00+00,30.99,53,1003,25.27,ESE,t
Doha,QA,2026-05-05 14:00:00+00,33.99,40,1004,22.21,NNE,f
Casablanca,MA,2026-05-05 14:00:00+00,20.18,49,1015,11.12,NE,t
Tunisia,TN,2026-05-05 14:00:00+00,31.01,20,1010,23.11,ENE,f
Cairo,EG,2026-05-05 13:00:00+00,22.42,30,1015,22.21,NNW,t
Riyadh,SA,2026-05-05 13:00:00+00,40.52,9,1004,21.78,W,f
Dubai,AE,2026-05-05 13:00:00+00,33.96,46,1003,24.08,NW,t
Baghdad,IQ,2026-05-05 13:00:00+00,27.95,26,1008,18.50,NW,t
Beirut,LB,2026-05-05 13:00:00+00,13.54,63,1014,20.30,WSW,f
Amman,JO,2026-05-05 13:00:00+00,16.05,41,1014,27.79,WSW,f
Kuwait City,KW,2026-05-05 13:00:00+00,30.99,61,1004,24.95,ESE,t
Doha,QA,2026-05-05 13:00:00+00,37.99,22,1004,24.08,NE,f
Casablanca,MA,2026-05-05 13:00:00+00,20.18,52,1016,14.83,N,t
Tunisia,TN,2026-05-05 13:00:00+00,31.09,20,1011,21.28,ENE,f
Cairo,EG,2026-05-05 12:00:00+00,22.42,26,1016,16.67,W,f
Riyadh,SA,2026-05-05 12:00:00+00,40.76,8,1005,19.30,WSW,f
Dubai,AE,2026-05-05 12:00:00+00,34.96,46,1004,20.38,NNW,t
Baghdad,IQ,2026-05-05 12:00:00+00,27.95,24,1008,20.38,WNW,f
Beirut,LB,2026-05-05 12:00:00+00,13.54,65,1013,20.88,WSW,f
Amman,JO,2026-05-05 12:00:00+00,16.05,41,1014,27.79,WSW,f
Kuwait City,KW,2026-05-05 12:00:00+00,31.55,59,1004,19.48,ESE,t
Doha,QA,2026-05-05 12:00:00+00,37.99,27,1004,18.50,NE,f
Casablanca,MA,2026-05-05 12:00:00+00,20.18,52,1016,12.96,NNE,t
Tunisia,TN,2026-05-05 12:00:00+00,30.10,21,1012,21.24,E,f
Baghdad,IQ,2026-05-05 11:00:00+00,27.95,24,1008,20.38,WNW,f
Beirut,LB,2026-05-05 11:00:00+00,13.54,65,1013,20.88,WSW,f
Amman,JO,2026-05-05 11:00:00+00,16.05,41,1014,27.79,WSW,f
Kuwait City,KW,2026-05-05 11:00:00+00,32.66,54,1004,19.48,ESE,t
Doha,QA,2026-05-05 11:00:00+00,37.99,27,1004,18.50,NE,f
Casablanca,MA,2026-05-05 11:00:00+00,20.19,52,1016,12.96,NNE,t
Tunisia,TN,2026-05-05 11:00:00+00,30.10,21,1012,21.24,E,f
Cairo,EG,2026-05-05 06:00:00+00,17.42,48,1017,12.96,WNW,f
Riyadh,SA,2026-05-05 06:00:00+00,35.67,10,1009,18.83,SSW,f
Dubai,AE,2026-05-05 06:00:00+00,31.96,37,1006,11.12,WSW,f
Baghdad,IQ,2026-05-05 06:00:00+00,20.95,46,1010,27.79,NW,t
Beirut,LB,2026-05-05 06:00:00+00,12.99,75,1013,30.82,SSW,f
Amman,JO,2026-05-05 06:00:00+00,12.05,62,1016,24.08,W,f
Kuwait City,KW,2026-05-05 06:00:00+00,31.55,49,1007,4.64,ESE,t
Doha,QA,2026-05-05 06:00:00+00,35.57,23,1006,12.96,WNW,f
Casablanca,MA,2026-05-05 06:00:00+00,15.96,67,1016,5.54,E,t
Tunisia,TN,2026-05-05 06:00:00+00,18.48,56,1015,22.18,ENE,t
Cairo,EG,2026-05-05 05:00:00+00,16.42,55,1017,14.83,WNW,f
Riyadh,SA,2026-05-05 05:00:00+00,32.87,11,1009,17.68,S,f
Dubai,AE,2026-05-05 05:00:00+00,28.96,54,1006,5.54,SW,t
Baghdad,IQ,2026-05-05 05:00:00+00,20.95,46,1010,27.79,NW,t
Beirut,LB,2026-05-05 05:00:00+00,12.99,74,1013,33.77,SSW,f
Amman,JO,2026-05-05 05:00:00+00,11.05,71,1015,22.21,WSW,f
Kuwait City,KW,2026-05-05 05:00:00+00,31.55,47,1007,5.47,E,f
Doha,QA,2026-05-05 05:00:00+00,30.94,29,1006,3.71,NNW,f
Casablanca,MA,2026-05-05 05:00:00+00,16.19,63,1016,7.42,E,t
Tunisia,TN,2026-05-05 05:00:00+00,15.96,58,1015,18.90,ENE,t
Cairo,EG,2026-05-05 04:00:00+00,16.42,51,1017,12.96,WNW,f
Riyadh,SA,2026-05-05 04:00:00+00,29.08,12,1009,14.65,S,t
Dubai,AE,2026-05-05 04:00:00+00,26.96,57,1006,9.25,SSE,t
Baghdad,IQ,2026-05-05 04:00:00+00,19.95,45,1009,24.08,NW,t
Beirut,LB,2026-05-05 04:00:00+00,12.99,72,1013,33.80,SW,f
Amman,JO,2026-05-05 04:00:00+00,10.05,71,1015,16.67,WSW,f
Kuwait City,KW,2026-05-05 04:00:00+00,30.99,46,1006,7.13,NE,f
Doha,QA,2026-05-05 04:00:00+00,27.94,30,1005,3.71,SSW,t
Casablanca,MA,2026-05-05 04:00:00+00,16.19,63,1016,5.54,ENE,t
Tunisia,TN,2026-05-05 04:00:00+00,16.92,56,1014,19.19,ENE,f
Cairo,EG,2026-05-05 03:00:00+00,16.42,48,1017,12.96,WNW,f
Riyadh,SA,2026-05-05 03:00:00+00,25.87,14,1008,8.89,SSE,t
Dubai,AE,2026-05-05 03:00:00+00,25.96,61,1005,11.12,S,t
Baghdad,IQ,2026-05-05 03:00:00+00,19.95,45,1009,20.38,NW,t
Beirut,LB,2026-05-05 03:00:00+00,13.54,72,1012,35.42,SW,f
Amman,JO,2026-05-05 03:00:00+00,10.05,71,1015,18.50,WSW,f
Kuwait City,KW,2026-05-05 03:00:00+00,29.32,46,1006,8.32,NNE,t
Doha,QA,2026-05-05 03:00:00+00,26.94,34,1005,7.42,W,f
Casablanca,MA,2026-05-05 03:00:00+00,16.19,63,1016,7.42,E,t
Tunisia,TN,2026-05-05 03:00:00+00,18.02,52,1014,18.86,ENE,t
Cairo,EG,2026-05-05 02:00:00+00,16.42,48,1017,12.96,NW,f
Riyadh,SA,2026-05-05 02:00:00+00,26.00,14,1007,14.33,SSE,f
Dubai,AE,2026-05-05 02:00:00+00,25.96,57,1005,9.25,S,t
Baghdad,IQ,2026-05-05 02:00:00+00,19.95,37,1009,18.50,NNW,t
Beirut,LB,2026-05-05 02:00:00+00,12.43,70,1012,36.00,SW,f
Amman,JO,2026-05-05 02:00:00+00,10.05,71,1015,18.50,WSW,f
Kuwait City,KW,2026-05-05 02:00:00+00,29.88,45,1006,11.41,N,t
Doha,QA,2026-05-05 02:00:00+00,29.16,32,1004,5.54,NNW,t
Casablanca,MA,2026-05-05 02:00:00+00,16.85,63,1016,9.25,ENE,t
Tunisia,TN,2026-05-05 02:00:00+00,19.35,48,1015,18.65,ENE,t
Cairo,EG,2026-05-05 01:00:00+00,16.42,48,1017,9.25,WNW,f
Riyadh,SA,2026-05-05 01:00:00+00,26.73,13,1007,16.06,SSE,f
Dubai,AE,2026-05-05 01:00:00+00,25.96,61,1004,9.25,S,t
Baghdad,IQ,2026-05-05 01:00:00+00,20.95,35,1009,14.83,NNW,t
Beirut,LB,2026-05-05 01:00:00+00,12.99,68,1012,36.61,SW,f
Amman,JO,2026-05-05 01:00:00+00,10.05,71,1015,20.38,WSW,f
Kuwait City,KW,2026-05-05 01:00:00+00,30.44,45,1006,14.00,N,t
Doha,QA,2026-05-05 01:00:00+00,29.16,31,1004,12.96,NNW,t
Casablanca,MA,2026-05-05 01:00:00+00,17.02,63,1017,9.25,ENE,f
Tunisia,TN,2026-05-05 01:00:00+00,20.81,44,1015,18.90,ENE,f
Cairo,EG,2026-05-05 00:00:00+00,16.42,55,1018,11.12,NNW,f
Riyadh,SA,2026-05-05 00:00:00+00,27.03,12,1006,19.58,SE,f
Dubai,AE,2026-05-05 00:00:00+00,26.96,61,1004,9.25,SSW,t
Baghdad,IQ,2026-05-05 00:00:00+00,20.95,35,1008,16.67,N,t
Beirut,LB,2026-05-05 00:00:00+00,12.99,68,1012,37.08,SW,f
Amman,JO,2026-05-05 00:00:00+00,10.05,71,1015,20.38,WSW,f
Kuwait City,KW,2026-05-05 00:00:00+00,30.99,42,1005,17.82,NNE,f
Doha,QA,2026-05-05 00:00:00+00,31.99,25,1004,14.83,NW,f
Casablanca,MA,2026-05-05 00:00:00+00,17.02,63,1017,9.25,NE,t
Tunisia,TN,2026-05-05 00:00:00+00,20.99,41,1015,21.82,ENE,f
Cairo,EG,2026-05-04 23:00:00+00,16.42,59,1018,11.12,NNW,f
Riyadh,SA,2026-05-04 23:00:00+00,28.46,11,1007,18.94,SSE,f
Dubai,AE,2026-05-04 23:00:00+00,27.96,57,1004,11.12,S,t
Baghdad,IQ,2026-05-04 23:00:00+00,21.95,33,1009,16.67,N,t
Beirut,LB,2026-05-04 23:00:00+00,12.99,69,1013,38.20,SW,f
Amman,JO,2026-05-04 23:00:00+00,11.05,66,1016,18.50,WSW,f
Kuwait City,KW,2026-05-04 23:00:00+00,32.10,37,1005,21.53,N,t
Doha,QA,2026-05-04 23:00:00+00,27.94,39,1005,14.83,NNW,t
Casablanca,MA,2026-05-04 23:00:00+00,17.02,72,1018,5.54,ENE,f
Tunisia,TN,2026-05-04 23:00:00+00,21.99,37,1016,23.72,ENE,f
Cairo,EG,2026-05-04 22:00:00+00,16.42,55,1018,18.50,NW,f
Riyadh,SA,2026-05-04 22:00:00+00,29.04,11,1007,20.12,SSE,t
Dubai,AE,2026-05-04 22:00:00+00,27.96,57,1004,11.12,S,t
Baghdad,IQ,2026-05-04 22:00:00+00,22.95,31,1009,11.12,N,t
Beirut,LB,2026-05-04 22:00:00+00,13.54,69,1013,37.30,SSW,f
Amman,JO,2026-05-04 22:00:00+00,11.05,66,1016,20.38,W,f
Kuwait City,KW,2026-05-04 22:00:00+00,31.55,34,1006,19.15,NW,f
Doha,QA,2026-05-04 22:00:00+00,32.99,24,1005,12.96,NNW,f
Casablanca,MA,2026-05-04 22:00:00+00,18.07,67,1018,9.25,NE,t
Tunisia,TN,2026-05-04 22:00:00+00,23.35,34,1016,25.02,ENE,f
Cairo,EG,2026-05-04 21:00:00+00,17.42,51,1018,24.08,NW,f
Riyadh,SA,2026-05-04 21:00:00+00,30.18,10,1008,15.01,SSE,f
Dubai,AE,2026-05-04 21:00:00+00,29.96,51,1004,7.42,S,t
Baghdad,IQ,2026-05-04 21:00:00+00,22.95,31,1009,18.50,N,t
Beirut,LB,2026-05-04 21:00:00+00,12.99,67,1013,38.30,SSW,f
Amman,JO,2026-05-04 21:00:00+00,11.05,58,1016,24.08,W,f
Kuwait City,KW,2026-05-04 21:00:00+00,29.88,50,1005,5.98,WSW,t
Doha,QA,2026-05-04 21:00:00+00,32.16,22,1006,11.12,WNW,f
Casablanca,MA,2026-05-04 21:00:00+00,18.07,67,1018,11.12,NE,t
Tunisia,TN,2026-05-04 21:00:00+00,24.23,29,1016,23.22,ENE,f
Cairo,EG,2026-05-04 20:00:00+00,17.42,48,1018,25.92,NW,f
Riyadh,SA,2026-05-04 20:00:00+00,32.92,10,1007,13.43,SSE,f
Dubai,AE,2026-05-04 20:00:00+00,29.96,51,1005,7.42,N,t
Baghdad,IQ,2026-05-04 20:00:00+00,24.95,31,1009,11.12,N,t
Beirut,LB,2026-05-04 20:00:00+00,12.99,66,1014,39.10,SSW,f
Amman,JO,2026-05-04 20:00:00+00,12.05,62,1016,20.38,WSW,f
Kuwait City,KW,2026-05-04 20:00:00+00,32.10,39,1005,12.17,SSE,f
Doha,QA,2026-05-04 20:00:00+00,32.16,23,1006,9.25,WNW,f
Casablanca,MA,2026-05-04 20:00:00+00,19.07,68,1018,12.89,NE,t
Tunisia,TN,2026-05-04 20:00:00+00,24.98,25,1016,22.39,E,f
Cairo,EG,2026-05-04 19:00:00+00,19.42,39,1018,24.08,NW,f
Riyadh,SA,2026-05-04 19:00:00+00,33.07,10,1007,11.41,SSE,f
Dubai,AE,2026-05-04 19:00:00+00,29.96,51,1005,5.54,SSW,t
Baghdad,IQ,2026-05-04 19:00:00+00,24.95,31,1009,11.12,N,t
Beirut,LB,2026-05-04 19:00:00+00,12.99,63,1014,36.90,SW,f
Amman,JO,2026-05-04 19:00:00+00,12.05,58,1016,24.08,W,f
Kuwait City,KW,2026-05-04 19:00:00+00,32.66,34,1005,16.02,SSE,f
Doha,QA,2026-05-04 19:00:00+00,33.16,24,1006,14.83,NW,f
Casablanca,MA,2026-05-04 19:00:00+00,19.13,68,1017,12.96,NE,t
Tunisia,TN,2026-05-04 19:00:00+00,27.08,19,1015,20.38,ESE,f
Cairo,EG,2026-05-04 18:00:00+00,19.42,39,1017,27.79,NNW,t
Riyadh,SA,2026-05-04 18:00:00+00,34.00,9,1008,15.05,SSE,f
Dubai,AE,2026-05-04 18:00:00+00,29.96,51,1005,7.42,SW,t
Baghdad,IQ,2026-05-04 18:00:00+00,25.95,31,1009,12.96,NNW,t
Beirut,LB,2026-05-04 18:00:00+00,13.54,66,1014,33.80,SW,f
Amman,JO,2026-05-04 18:00:00+00,13.05,58,1016,24.08,W,f
Kuwait City,KW,2026-05-04 18:00:00+00,31.55,44,1005,17.82,SSE,f
Doha,QA,2026-05-04 18:00:00+00,33.76,22,1006,18.50,NNW,f
Casablanca,MA,2026-05-04 18:00:00+00,20.19,64,1016,11.12,NE,t
Tunisia,TN,2026-05-04 18:00:00+00,29.31,13,1014,7.81,SE,f
Cairo,EG,2026-05-04 17:00:00+00,20.42,34,1017,27.79,NW,f
Riyadh,SA,2026-05-04 17:00:00+00,35.28,9,1007,15.01,SE,f
Dubai,AE,2026-05-04 17:00:00+00,30.96,51,1005,11.12,WSW,f
Baghdad,IQ,2026-05-04 17:00:00+00,26.95,32,1009,14.83,NNW,t
Beirut,LB,2026-05-04 17:00:00+00,14.10,68,1014,33.52,SW,f
Amman,JO,2026-05-04 17:00:00+00,14.05,54,1015,27.79,W,f
Kuwait City,KW,2026-05-04 17:00:00+00,31.55,45,1005,17.53,SE,f
Doha,QA,2026-05-04 17:00:00+00,33.57,38,1006,11.12,N,t
Casablanca,MA,2026-05-04 17:00:00+00,20.19,60,1016,12.96,N,t
Tunisia,TN,2026-05-04 17:00:00+00,29.57,12,1014,9.25,SSE,f
Cairo,EG,2026-05-04 16:00:00+00,22.42,28,1016,24.08,NW,f
Riyadh,SA,2026-05-04 16:00:00+00,35.93,9,1007,8.42,ESE,f
Dubai,AE,2026-05-04 16:00:00+00,30.96,48,1004,12.96,W,f
Baghdad,IQ,2026-05-04 16:00:00+00,28.95,30,1009,14.83,N,t
Beirut,LB,2026-05-04 16:00:00+00,13.54,66,1013,35.46,SW,f
Amman,JO,2026-05-04 16:00:00+00,15.05,55,1015,27.79,W,f
Kuwait City,KW,2026-05-04 16:00:00+00,31.55,47,1004,17.39,SE,f
Doha,QA,2026-05-04 16:00:00+00,33.99,40,1005,9.25,NNE,f
Casablanca,MA,2026-05-04 16:00:00+00,20.18,64,1016,12.96,NNE,t
Tunisia,TN,2026-05-04 16:00:00+00,29.67,13,1014,8.35,SSE,f
Cairo,EG,2026-05-04 15:00:00+00,22.42,30,1015,20.38,N,t
Riyadh,SA,2026-05-04 15:00:00+00,37.38,8,1006,3.49,SE,f
Dubai,AE,2026-05-04 15:00:00+00,31.96,48,1004,14.83,WSW,f
Baghdad,IQ,2026-05-04 15:00:00+00,29.95,26,1009,12.96,NW,f
Beirut,LB,2026-05-04 15:00:00+00,14.10,65,1013,38.77,SW,t
Amman,JO,2026-05-04 15:00:00+00,17.05,45,1015,33.34,W,f
Kuwait City,KW,2026-05-04 15:00:00+00,31.55,49,1005,17.68,ESE,t
Doha,QA,2026-05-04 15:00:00+00,35.99,32,1005,11.12,N,t
Casablanca,MA,2026-05-04 15:00:00+00,20.96,60,1016,12.96,NNE,t
Tunisia,TN,2026-05-04 15:00:00+00,29.52,13,1014,7.09,S,f
Cairo,EG,2026-05-04 14:00:00+00,22.42,33,1016,22.21,NW,f
Riyadh,SA,2026-05-04 14:00:00+00,38.33,7,1006,3.20,SSE,f
Dubai,AE,2026-05-04 14:00:00+00,31.96,45,1003,16.67,W,f
Baghdad,IQ,2026-05-04 14:00:00+00,29.95,26,1008,14.83,WNW,f
Beirut,LB,2026-05-04 14:00:00+00,14.10,65,1013,42.01,SW,t
Amman,JO,2026-05-04 14:00:00+00,17.05,36,1015,35.17,WSW,f
Kuwait City,KW,2026-05-04 14:00:00+00,32.10,50,1004,17.86,ESE,t
Doha,QA,2026-05-04 14:00:00+00,36.99,30,1004,12.96,N,t
Casablanca,MA,2026-05-04 14:00:00+00,20.96,60,1017,11.12,NNE,t
Tunisia,TN,2026-05-04 14:00:00+00,29.28,14,1015,7.20,S,f
Cairo,EG,2026-05-04 13:00:00+00,22.42,33,1016,22.21,NW,f
Riyadh,SA,2026-05-04 13:00:00+00,38.33,7,1006,3.20,SSE,f
Dubai,AE,2026-05-04 13:00:00+00,32.96,40,1004,18.50,WNW,f
Baghdad,IQ,2026-05-04 13:00:00+00,29.95,26,1008,14.83,WNW,f
Beirut,LB,2026-05-04 13:00:00+00,14.10,65,1013,46.76,SW,t
Amman,JO,2026-05-04 13:00:00+00,17.05,36,1014,35.17,WSW,f
Kuwait City,KW,2026-05-04 13:00:00+00,32.66,50,1005,17.86,ESE,t
Doha,QA,2026-05-04 13:00:00+00,36.99,32,1004,12.96,N,t
Casablanca,MA,2026-05-04 13:00:00+00,20.74,60,1017,11.12,NNE,t
Tunisia,TN,2026-05-04 13:00:00+00,29.28,14,1015,7.20,S,f
Cairo,EG,2026-05-04 12:00:00+00,22.42,35,1016,24.08,WNW,f
Riyadh,SA,2026-05-04 12:00:00+00,38.54,6,1007,3.92,SE,f
Dubai,AE,2026-05-04 12:00:00+00,34.96,34,1004,22.21,W,f
Baghdad,IQ,2026-05-04 12:00:00+00,29.95,25,1009,24.08,NW,f
Beirut,LB,2026-05-04 12:00:00+00,14.65,64,1013,49.03,SW,t
Amman,JO,2026-05-04 12:00:00+00,18.05,32,1015,35.17,W,t
Kuwait City,KW,2026-05-04 12:00:00+00,32.66,51,1006,5.15,E,t
Doha,QA,2026-05-04 12:00:00+00,35.99,34,1005,20.38,NNE,f
Casablanca,MA,2026-05-04 12:00:00+00,20.19,64,1017,12.96,NE,t
Tunisia,TN,2026-05-04 12:00:00+00,27.93,16,1017,9.58,SSW,f
Cairo,EG,2026-05-04 11:00:00+00,21.42,35,1017,25.92,WNW,f
Riyadh,SA,2026-05-04 11:00:00+00,38.39,7,1008,4.86,SSE,f
Dubai,AE,2026-05-04 11:00:00+00,35.96,32,1005,24.08,W,f
Baghdad,IQ,2026-05-04 11:00:00+00,29.95,25,1009,16.67,NW,f
Beirut,LB,2026-05-04 11:00:00+00,14.10,63,1013,48.60,SW,f
Amman,JO,2026-05-04 11:00:00+00,17.05,39,1016,31.50,W,f
Kuwait City,KW,2026-05-04 11:00:00+00,33.77,47,1007,2.52,E,f
Doha,QA,2026-05-04 11:00:00+00,35.99,30,1006,22.21,NE,f
Casablanca,MA,2026-05-04 11:00:00+00,20.18,64,1017,9.25,NNE,t
Tunisia,TN,2026-05-04 11:00:00+00,27.31,20,1017,9.90,SSW,f
Cairo,EG,2026-05-04 10:00:00+00,21.42,35,1017,24.08,W,f
Riyadh,SA,2026-05-04 10:00:00+00,38.01,7,1009,6.23,SE,f
Dubai,AE,2026-05-04 10:00:00+00,34.96,34,1005,20.38,W,f
Baghdad,IQ,2026-05-04 10:00:00+00,29.95,25,1010,16.67,NW,f
Beirut,LB,2026-05-04 10:00:00+00,14.65,68,1014,46.91,SSW,f
Amman,JO,2026-05-04 10:00:00+00,17.05,39,1016,31.50,W,f
Kuwait City,KW,2026-05-04 10:00:00+00,33.77,43,1006,2.74,NNE,f
Doha,QA,2026-05-04 10:00:00+00,36.99,34,1006,22.21,NE,f
Casablanca,MA,2026-05-04 10:00:00+00,20.19,64,1018,9.25,NNE,t
Tunisia,TN,2026-05-04 10:00:00+00,26.23,23,1018,8.57,S,f
Cairo,EG,2026-05-04 09:00:00+00,20.42,37,1018,24.08,W,f
Riyadh,SA,2026-05-04 09:00:00+00,37.32,7,1010,7.81,SE,f
Dubai,AE,2026-05-04 09:00:00+00,34.96,36,1006,20.38,W,f
Baghdad,IQ,2026-05-04 09:00:00+00,27.95,30,1011,16.67,NNW,t
Beirut,LB,2026-05-04 09:00:00+00,12.43,69,1014,46.98,SW,f
Amman,JO,2026-05-04 09:00:00+00,14.05,58,1015,22.21,WSW,f
Kuwait City,KW,2026-05-04 09:00:00+00,33.21,45,1008,4.25,N,f
Doha,QA,2026-05-04 09:00:00+00,38.16,18,1007,18.50,N,f
Casablanca,MA,2026-05-04 09:00:00+00,19.13,68,1017,5.54,NE,t
Tunisia,TN,2026-05-04 09:00:00+00,24.86,29,1019,7.56,S,f
Cairo,EG,2026-05-04 08:00:00+00,20.42,37,1018,22.21,WSW,f
Riyadh,SA,2026-05-04 08:00:00+00,37.05,8,1010,10.30,ESE,f
Dubai,AE,2026-05-04 08:00:00+00,35.96,28,1006,18.50,W,f
Baghdad,IQ,2026-05-04 08:00:00+00,26.95,32,1011,20.38,NNW,t
Beirut,LB,2026-05-04 08:00:00+00,12.43,78,1014,50.26,SW,f
Amman,JO,2026-05-04 08:00:00+00,13.05,62,1016,25.92,W,f
Kuwait City,KW,2026-05-04 08:00:00+00,32.66,42,1009,4.68,NW,f
Doha,QA,2026-05-04 08:00:00+00,37.16,19,1007,18.50,N,f
Casablanca,MA,2026-05-04 08:00:00+00,18.07,72,1017,3.71,NE,t
Tunisia,TN,2026-05-04 08:00:00+00,22.98,34,1019,6.30,S,f
Cairo,EG,2026-05-04 07:00:00+00,18.42,42,1018,22.21,WSW,f
Riyadh,SA,2026-05-04 07:00:00+00,35.30,9,1012,9.54,SE,f
Dubai,AE,2026-05-04 07:00:00+00,35.96,24,1007,12.96,N,f
Baghdad,IQ,2026-05-04 07:00:00+00,25.95,41,1011,14.83,NNW,t
Beirut,LB,2026-05-04 07:00:00+00,13.54,70,1013,40.79,SSW,f
Amman,JO,2026-05-04 07:00:00+00,13.05,58,1015,24.08,W,f
Kuwait City,KW,2026-05-04 07:00:00+00,34.32,39,1009,5.36,W,f
Doha,QA,2026-05-04 07:00:00+00,36.16,22,1008,16.67,NW,f
Casablanca,MA,2026-05-04 07:00:00+00,17.02,72,1017,1.84,N,f
Tunisia,TN,2026-05-04 07:00:00+00,21.30,43,1019,4.68,SSE,f
Cairo,EG,2026-05-04 06:00:00+00,17.42,45,1018,18.50,WSW,f
Riyadh,SA,2026-05-04 06:00:00+00,32.37,12,1012,8.39,SE,f
Dubai,AE,2026-05-04 06:00:00+00,33.96,33,1007,11.12,SSW,f
Baghdad,IQ,2026-05-04 06:00:00+00,23.95,50,1011,20.38,NNW,t
Beirut,LB,2026-05-04 06:00:00+00,13.54,67,1013,42.88,SSW,f
Amman,JO,2026-05-04 06:00:00+00,12.05,62,1015,24.08,WSW,f
Kuwait City,KW,2026-05-04 06:00:00+00,32.81,27,1009,5.26,W,f
Doha,QA,2026-05-04 06:00:00+00,34.16,25,1008,12.96,NW,f
Casablanca,MA,2026-05-04 06:00:00+00,17.02,77,1017,5.54,NNE,f
Tunisia,TN,2026-05-04 06:00:00+00,19.24,52,1018,6.23,ESE,t
Cairo,EG,2026-05-04 05:00:00+00,16.42,48,1017,16.67,WSW,f
Riyadh,SA,2026-05-04 05:00:00+00,30.00,15,1012,4.72,E,f
Dubai,AE,2026-05-04 05:00:00+00,30.96,42,1007,11.12,S,f
Baghdad,IQ,2026-05-04 05:00:00+00,25.79,42,1011,25.56,NNW,t
Beirut,LB,2026-05-04 05:00:00+00,13.54,67,1013,41.54,SW,f
Amman,JO,2026-05-04 05:00:00+00,11.05,62,1015,20.38,WSW,f
Kuwait City,KW,2026-05-04 05:00:00+00,34.32,30,1009,6.30,SW,f
Doha,QA,2026-05-04 05:00:00+00,30.94,30,1008,11.12,WNW,f
Casablanca,MA,2026-05-04 05:00:00+00,17.02,77,1016,5.54,NE,t
Tunisia,TN,2026-05-04 05:00:00+00,16.74,53,1018,7.09,E,f
Cairo,EG,2026-05-04 04:00:00+00,15.42,51,1017,14.83,W,f
Riyadh,SA,2026-05-04 04:00:00+00,27.29,18,1012,2.56,E,t
Dubai,AE,2026-05-04 04:00:00+00,28.96,45,1007,14.83,S,t
Baghdad,IQ,2026-05-04 04:00:00+00,23.95,46,1011,24.08,NW,t
Beirut,LB,2026-05-04 04:00:00+00,12.43,60,1012,39.17,SW,f
Amman,JO,2026-05-04 04:00:00+00,10.05,71,1015,16.67,WSW,f
Kuwait City,KW,2026-05-04 04:00:00+00,30.99,34,1008,7.49,SW,f
Doha,QA,2026-05-04 04:00:00+00,27.94,34,1008,7.42,WNW,t
Casablanca,MA,2026-05-04 04:00:00+00,17.02,77,1016,7.42,NE,t
Tunisia,TN,2026-05-04 04:00:00+00,17.23,51,1018,7.92,ENE,f
Cairo,EG,2026-05-04 03:00:00+00,15.42,47,1017,16.67,WNW,f
Riyadh,SA,2026-05-04 03:00:00+00,24.50,19,1011,3.53,ENE,t
Dubai,AE,2026-05-04 03:00:00+00,28.96,42,1006,12.96,S,t
Baghdad,IQ,2026-05-04 03:00:00+00,25.95,41,1010,29.63,NNW,t
Beirut,LB,2026-05-04 03:00:00+00,11.88,56,1012,37.69,SSW,f
Amman,JO,2026-05-04 03:00:00+00,11.05,66,1015,18.50,W,f
Kuwait City,KW,2026-05-04 03:00:00+00,29.32,33,1008,8.42,WSW,t
Doha,QA,2026-05-04 03:00:00+00,28.16,35,1007,5.54,W,t
Casablanca,MA,2026-05-04 03:00:00+00,17.02,77,1016,7.42,NE,t
Tunisia,TN,2026-05-04 03:00:00+00,17.15,48,1018,9.94,ENE,f
Cairo,EG,2026-05-04 02:00:00+00,16.42,48,1017,18.50,WNW,f
Riyadh,SA,2026-05-04 02:00:00+00,24.16,18,1011,3.85,NE,t
Dubai,AE,2026-05-04 02:00:00+00,28.96,42,1006,12.96,SSW,t
Baghdad,IQ,2026-05-04 02:00:00+00,26.95,36,1010,29.63,NW,t
Beirut,LB,2026-05-04 02:00:00+00,12.43,54,1012,33.34,SW,f
Amman,JO,2026-05-04 02:00:00+00,11.05,76,1015,25.92,W,f
Kuwait City,KW,2026-05-04 02:00:00+00,28.21,35,1007,1.66,NW,t
Doha,QA,2026-05-04 02:00:00+00,25.94,44,1007,5.54,NW,t
Casablanca,MA,2026-05-04 02:00:00+00,17.02,77,1016,7.42,NNE,t
Tunisia,TN,2026-05-04 02:00:00+00,18.64,48,1018,10.55,E,f
Cairo,EG,2026-05-04 01:00:00+00,16.42,48,1017,20.38,WNW,f
Riyadh,SA,2026-05-04 01:00:00+00,24.97,18,1011,6.05,NNE,t
Dubai,AE,2026-05-04 01:00:00+00,29.96,39,1005,9.25,SSW,t
Baghdad,IQ,2026-05-04 01:00:00+00,28.95,30,1008,33.34,WNW,t
Beirut,LB,2026-05-04 01:00:00+00,12.43,62,1012,31.43,SW,f
Amman,JO,2026-05-04 01:00:00+00,12.05,71,1015,18.50,WSW,f
Kuwait City,KW,2026-05-04 01:00:00+00,28.21,36,1007,4.43,NNW,t
Doha,QA,2026-05-04 01:00:00+00,29.16,33,1007,9.25,NW,t
Casablanca,MA,2026-05-04 01:00:00+00,18.07,77,1017,9.25,NNE,t
Tunisia,TN,2026-05-04 01:00:00+00,19.01,51,1018,13.86,ENE,f
Cairo,EG,2026-05-04 00:00:00+00,16.42,51,1017,18.50,WNW,f
Riyadh,SA,2026-05-04 00:00:00+00,25.12,17,1011,8.86,NNE,t
Dubai,AE,2026-05-04 00:00:00+00,29.96,39,1005,7.42,SSW,t
Baghdad,IQ,2026-05-04 00:00:00+00,30.95,27,1007,40.75,NW,f
Beirut,LB,2026-05-04 00:00:00+00,12.99,70,1012,36.43,SW,f
Amman,JO,2026-05-04 00:00:00+00,12.05,71,1015,22.21,W,f
Kuwait City,KW,2026-05-04 00:00:00+00,29.88,35,1007,4.50,NW,t
Doha,QA,2026-05-04 00:00:00+00,28.76,36,1006,16.67,NNW,t
Casablanca,MA,2026-05-04 00:00:00+00,18.07,77,1017,9.25,NNE,t
Tunisia,TN,2026-05-04 00:00:00+00,19.50,48,1019,14.26,NE,f
Cairo,EG,2026-05-03 23:00:00+00,17.42,51,1017,18.50,NW,f
Riyadh,SA,2026-05-03 23:00:00+00,25.39,17,1011,9.29,NNE,t
Dubai,AE,2026-05-03 23:00:00+00,30.96,37,1005,7.42,S,t
Baghdad,IQ,2026-05-03 23:00:00+00,32.95,19,1007,29.63,WNW,f
Beirut,LB,2026-05-03 23:00:00+00,13.54,70,1012,35.57,SW,f
Amman,JO,2026-05-03 23:00:00+00,12.05,71,1015,18.50,W,f
Kuwait City,KW,2026-05-03 23:00:00+00,30.44,37,1007,4.00,WNW,f
Doha,QA,2026-05-03 23:00:00+00,29.57,36,1006,16.67,NW,t
Casablanca,MA,2026-05-03 23:00:00+00,18.07,82,1017,7.42,NE,t
Tunisia,TN,2026-05-03 23:00:00+00,20.20,45,1019,17.75,NE,f
Cairo,EG,2026-05-03 22:00:00+00,17.42,55,1017,16.67,NNW,f
Riyadh,SA,2026-05-03 22:00:00+00,26.14,16,1011,8.53,NNE,t
Dubai,AE,2026-05-03 22:00:00+00,31.96,35,1005,9.25,SSE,f
Baghdad,IQ,2026-05-03 22:00:00+00,33.95,17,1005,22.21,WNW,f
Beirut,LB,2026-05-03 22:00:00+00,12.99,70,1013,37.80,SW,f
Amman,JO,2026-05-03 22:00:00+00,13.05,71,1015,29.63,W,f
Kuwait City,KW,2026-05-03 22:00:00+00,31.55,36,1007,2.16,NNW,f
Doha,QA,2026-05-03 22:00:00+00,29.35,42,1007,9.25,NNW,t
Casablanca,MA,2026-05-03 22:00:00+00,18.07,77,1017,7.42,NNE,t
Tunisia,TN,2026-05-03 22:00:00+00,20.82,43,1019,18.40,ENE,f
Cairo,EG,2026-05-03 21:00:00+00,17.42,51,1016,16.67,NW,f
Riyadh,SA,2026-05-03 21:00:00+00,27.60,16,1013,9.14,NE,t
Dubai,AE,2026-05-03 21:00:00+00,31.96,37,1006,9.25,S,f
Baghdad,IQ,2026-05-03 21:00:00+00,33.95,20,1005,24.08,W,f
Beirut,LB,2026-05-03 21:00:00+00,13.54,82,1012,33.70,SW,t
Amman,JO,2026-05-03 21:00:00+00,13.05,71,1015,29.63,W,f
Kuwait City,KW,2026-05-03 21:00:00+00,30.99,36,1008,6.77,NW,t
Doha,QA,2026-05-03 21:00:00+00,28.76,47,1006,9.25,NNW,t
Casablanca,MA,2026-05-03 21:00:00+00,18.07,77,1017,7.42,NNE,t
Tunisia,TN,2026-05-03 21:00:00+00,21.47,40,1019,18.32,ENE,f
Cairo,EG,2026-05-03 20:00:00+00,18.42,45,1017,24.08,NW,f
Riyadh,SA,2026-05-03 20:00:00+00,29.53,12,1012,11.48,NE,t
Dubai,AE,2026-05-03 20:00:00+00,32.96,35,1006,5.54,S,f
Baghdad,IQ,2026-05-03 20:00:00+00,34.95,17,1005,44.46,S,f
Beirut,LB,2026-05-03 20:00:00+00,14.65,79,1013,35.21,SW,t
Amman,JO,2026-05-03 20:00:00+00,15.05,72,1015,22.21,W,f
Kuwait City,KW,2026-05-03 20:00:00+00,30.78,51,1008,6.19,WNW,t
Doha,QA,2026-05-03 20:00:00+00,29.99,45,1007,7.42,N,t
Casablanca,MA,2026-05-03 20:00:00+00,19.13,70,1017,9.25,N,t
Tunisia,TN,2026-05-03 20:00:00+00,22.61,33,1019,18.18,E,f
Cairo,EG,2026-05-03 19:00:00+00,19.42,42,1016,22.21,NW,t
Riyadh,SA,2026-05-03 19:00:00+00,30.01,12,1012,14.87,NNE,t
Dubai,AE,2026-05-03 19:00:00+00,32.96,38,1006,12.96,W,f
Baghdad,IQ,2026-05-03 19:00:00+00,34.95,18,1005,29.63,S,f
Beirut,LB,2026-05-03 19:00:00+00,14.65,79,1012,34.74,SW,t
Amman,JO,2026-05-03 19:00:00+00,15.05,72,1013,20.38,WSW,t
Kuwait City,KW,2026-05-03 19:00:00+00,28.21,66,1008,4.25,SW,t
Doha,QA,2026-05-03 19:00:00+00,29.99,51,1008,9.25,N,t
Casablanca,MA,2026-05-03 19:00:00+00,19.13,68,1016,9.25,NNE,t
Tunisia,TN,2026-05-03 19:00:00+00,24.98,23,1018,7.52,SE,f
Cairo,EG,2026-05-03 18:00:00+00,20.42,42,1015,25.92,NW,t
Riyadh,SA,2026-05-03 18:00:00+00,32.10,11,1011,16.24,N,f
Dubai,AE,2026-05-03 18:00:00+00,32.96,35,1006,11.12,WSW,f
Baghdad,IQ,2026-05-03 18:00:00+00,32.95,19,1004,14.83,SSE,f
Beirut,LB,2026-05-03 18:00:00+00,15.21,82,1011,32.83,SW,t
Amman,JO,2026-05-03 18:00:00+00,15.75,79,1012,26.10,W,t
Kuwait City,KW,2026-05-03 18:00:00+00,30.98,51,1007,3.53,SSW,t
Doha,QA,2026-05-03 18:00:00+00,29.99,48,1007,7.42,N,t
Casablanca,MA,2026-05-03 18:00:00+00,20.19,60,1015,11.12,N,t
Tunisia,TN,2026-05-03 18:00:00+00,25.98,21,1017,4.43,SSE,f
Cairo,EG,2026-05-03 17:00:00+00,20.42,45,1014,27.79,NW,t
Riyadh,SA,2026-05-03 17:00:00+00,33.51,10,1011,15.91,N,f
Dubai,AE,2026-05-03 17:00:00+00,33.96,31,1006,11.12,W,f
Baghdad,IQ,2026-05-03 17:00:00+00,32.95,19,1004,14.83,SSE,f
Beirut,LB,2026-05-03 17:00:00+00,15.21,92,1010,28.22,WSW,t
Amman,JO,2026-05-03 17:00:00+00,15.75,75,1012,27.65,WNW,t
Kuwait City,KW,2026-05-03 17:00:00+00,31.86,60,1006,4.03,SSE,t
Doha,QA,2026-05-03 17:00:00+00,29.99,51,1006,9.25,NNE,t
Casablanca,MA,2026-05-03 17:00:00+00,20.18,60,1015,11.12,N,t
Tunisia,TN,2026-05-03 17:00:00+00,26.19,21,1016,6.05,SSE,f
Cairo,EG,2026-05-03 16:00:00+00,22.42,43,1014,29.63,NW,t
Riyadh,SA,2026-05-03 16:00:00+00,34.45,11,1009,16.63,N,f
Dubai,AE,2026-05-03 16:00:00+00,33.96,27,1006,24.08,WNW,f
Baghdad,IQ,2026-05-03 16:00:00+00,34.95,16,1004,14.83,SE,f
Beirut,LB,2026-05-03 16:00:00+00,16.32,90,1009,24.52,WSW,t
Amman,JO,2026-05-03 16:00:00+00,19.05,48,1010,35.17,W,t
Kuwait City,KW,2026-05-03 16:00:00+00,31.96,44,1007,2.09,SSE,f
Doha,QA,2026-05-03 16:00:00+00,30.99,42,1006,12.96,N,t
Casablanca,MA,2026-05-03 16:00:00+00,20.74,64,1015,12.96,NNE,t
Tunisia,TN,2026-05-03 16:00:00+00,26.26,24,1017,6.34,SSE,f
Cairo,EG,2026-05-03 15:00:00+00,23.42,43,1013,31.50,WNW,t
Riyadh,SA,2026-05-03 15:00:00+00,36.03,10,1009,19.87,N,f
Dubai,AE,2026-05-03 15:00:00+00,34.96,29,1005,27.79,WNW,f
Baghdad,IQ,2026-05-03 15:00:00+00,34.95,16,1004,16.67,SE,f
Beirut,LB,2026-05-03 15:00:00+00,16.32,88,1010,23.98,WSW,t
Amman,JO,2026-05-03 15:00:00+00,19.05,52,1009,44.46,W,t
Kuwait City,KW,2026-05-03 15:00:00+00,29.88,53,1006,0.54,S,t
Doha,QA,2026-05-03 15:00:00+00,32.99,35,1006,14.83,NE,f
Casablanca,MA,2026-05-03 15:00:00+00,20.74,64,1015,12.96,N,t
Tunisia,TN,2026-05-03 15:00:00+00,26.00,26,1017,5.29,S,f
Cairo,EG,2026-05-03 14:00:00+00,23.42,46,1012,29.63,NW,t
Riyadh,SA,2026-05-03 14:00:00+00,37.11,9,1008,19.58,N,f
Dubai,AE,2026-05-03 14:00:00+00,34.96,34,1005,24.08,W,f
Baghdad,IQ,2026-05-03 14:00:00+00,37.95,14,1004,22.21,SSE,f
Beirut,LB,2026-05-03 14:00:00+00,16.88,93,1009,28.19,W,t
Amman,JO,2026-05-03 14:00:00+00,22.05,43,1009,38.88,W,f
Kuwait City,KW,2026-05-03 14:00:00+00,30.44,49,1005,0.83,SW,t
Doha,QA,2026-05-03 14:00:00+00,33.99,33,1006,16.67,NE,f
Casablanca,MA,2026-05-03 14:00:00+00,20.74,68,1016,14.47,N,t
Tunisia,TN,2026-05-03 14:00:00+00,25.73,29,1018,6.26,S,f
Cairo,EG,2026-05-03 13:00:00+00,23.42,49,1012,31.50,NW,t
Riyadh,SA,2026-05-03 13:00:00+00,37.77,8,1008,17.35,N,f
Dubai,AE,2026-05-03 13:00:00+00,35.96,28,1005,24.08,W,f
Baghdad,IQ,2026-05-03 13:00:00+00,37.95,13,1005,18.50,S,f
Beirut,LB,2026-05-03 13:00:00+00,16.88,84,1009,27.58,W,t
Amman,JO,2026-05-03 13:00:00+00,24.05,41,1008,38.88,W,t
Kuwait City,KW,2026-05-03 13:00:00+00,31.55,52,1006,0.68,SE,t
Doha,QA,2026-05-03 13:00:00+00,33.99,31,1006,22.21,NNE,f
Casablanca,MA,2026-05-03 13:00:00+00,22.02,64,1016,12.96,N,t
Tunisia,TN,2026-05-03 13:00:00+00,25.05,31,1019,6.98,SSE,f
Cairo,EG,2026-05-03 12:00:00+00,24.42,46,1012,35.17,WNW,t
Riyadh,SA,2026-05-03 12:00:00+00,37.96,8,1008,17.60,N,f
Dubai,AE,2026-05-03 12:00:00+00,37.96,28,1006,20.38,WNW,f
Baghdad,IQ,2026-05-03 12:00:00+00,36.95,13,1005,14.83,SSW,f
Beirut,LB,2026-05-03 12:00:00+00,19.10,78,1008,18.58,W,t
Amman,JO,2026-05-03 12:00:00+00,25.05,29,1008,42.59,W,t
Kuwait City,KW,2026-05-03 12:00:00+00,30.44,62,1006,0.54,NNE,t
Doha,QA,2026-05-03 12:00:00+00,37.99,25,1006,16.67,E,f
Casablanca,MA,2026-05-03 12:00:00+00,22.02,60,1017,7.42,NNE,f
Tunisia,TN,2026-05-03 12:00:00+00,23.99,34,1020,6.62,SSE,f
Cairo,EG,2026-05-03 11:00:00+00,26.42,36,1011,27.79,W,t
Riyadh,SA,2026-05-03 11:00:00+00,37.91,8,1009,16.27,NNW,f
Dubai,AE,2026-05-03 11:00:00+00,40.96,14,1006,18.50,NW,f
Baghdad,IQ,2026-05-03 11:00:00+00,35.95,14,1006,16.67,SSW,f
Beirut,LB,2026-05-03 11:00:00+00,20.21,72,1007,10.30,NW,t
Amman,JO,2026-05-03 11:00:00+00,25.05,29,1007,35.17,WSW,t
Kuwait City,KW,2026-05-03 11:00:00+00,30.44,63,1007,2.84,ENE,t
Doha,QA,2026-05-03 11:00:00+00,37.99,25,1006,12.96,ENE,f
Casablanca,MA,2026-05-03 11:00:00+00,20.19,68,1017,7.42,NNE,t
Tunisia,TN,2026-05-03 11:00:00+00,22.64,39,1021,6.34,SSE,f
Cairo,EG,2026-05-03 10:00:00+00,26.42,34,1010,22.21,W,f
Riyadh,SA,2026-05-03 10:00:00+00,37.51,8,1010,15.80,NNW,f
Dubai,AE,2026-05-03 10:00:00+00,41.96,12,1007,20.38,NNW,f
Baghdad,IQ,2026-05-03 10:00:00+00,35.95,15,1006,22.21,SSW,f
Beirut,LB,2026-05-03 10:00:00+00,21.32,72,1007,12.42,NNW,t
Amman,JO,2026-05-03 10:00:00+00,25.05,31,1007,29.63,WSW,t
Kuwait City,KW,2026-05-03 10:00:00+00,30.44,61,1008,3.17,ENE,t
Doha,QA,2026-05-03 10:00:00+00,36.99,26,1007,14.83,NE,f
Casablanca,MA,2026-05-03 10:00:00+00,20.96,64,1017,3.71,N,t
Tunisia,TN,2026-05-03 10:00:00+00,21.26,45,1021,8.60,SE,f
Cairo,EG,2026-05-03 09:00:00+00,24.42,35,1010,22.21,W,t
Riyadh,SA,2026-05-03 09:00:00+00,36.84,9,1011,15.95,NNW,f
Dubai,AE,2026-05-03 09:00:00+00,40.96,12,1007,16.67,NNW,f
Baghdad,IQ,2026-05-03 09:00:00+00,32.95,27,1007,18.50,SSW,f
Beirut,LB,2026-05-03 09:00:00+00,23.54,70,1006,14.90,NNW,t
Amman,JO,2026-05-03 09:00:00+00,25.05,27,1007,24.08,SW,t
Kuwait City,KW,2026-05-03 09:00:00+00,30.99,51,1008,0.86,WSW,t
Doha,QA,2026-05-03 09:00:00+00,34.99,29,1008,18.50,NNE,t
Casablanca,MA,2026-05-03 09:00:00+00,19.04,75,1017,3.71,N,t
Tunisia,TN,2026-05-03 09:00:00+00,19.84,53,1022,10.44,SE,f
Cairo,EG,2026-05-03 08:00:00+00,23.42,43,1010,20.38,WSW,f
Riyadh,SA,2026-05-03 08:00:00+00,35.84,10,1012,16.96,NNW,f
Dubai,AE,2026-05-03 08:00:00+00,39.96,15,1008,11.12,NW,f
Baghdad,IQ,2026-05-03 08:00:00+00,30.95,33,1007,16.67,S,f
Beirut,LB,2026-05-03 08:00:00+00,24.10,72,1006,12.17,NNE,t
Amman,JO,2026-05-03 08:00:00+00,25.05,22,1007,22.21,WSW,f
Kuwait City,KW,2026-05-03 08:00:00+00,29.32,57,1009,3.35,WSW,t
Doha,QA,2026-05-03 08:00:00+00,33.99,36,1008,16.67,NNE,f
Casablanca,MA,2026-05-03 08:00:00+00,18.07,77,1017,3.71,N,t
Tunisia,TN,2026-05-03 08:00:00+00,18.34,62,1022,11.12,ESE,f
Cairo,EG,2026-05-03 07:00:00+00,21.42,52,1010,9.25,W,t
Riyadh,SA,2026-05-03 07:00:00+00,34.14,12,1012,18.22,NNW,t
Dubai,AE,2026-05-03 07:00:00+00,36.96,26,1008,5.54,N,f
Baghdad,IQ,2026-05-03 07:00:00+00,30.95,30,1007,16.67,S,f
Beirut,LB,2026-05-03 07:00:00+00,21.16,78,1006,21.60,NNE,t
Amman,JO,2026-05-03 07:00:00+00,24.05,23,1007,18.50,SSW,f
Kuwait City,KW,2026-05-03 07:00:00+00,30.44,49,1009,4.46,WSW,t
Doha,QA,2026-05-03 07:00:00+00,36.16,21,1008,7.42,S,f
Casablanca,MA,2026-05-03 07:00:00+00,17.02,82,1017,3.71,N,f
Tunisia,TN,2026-05-03 07:00:00+00,17.02,69,1022,11.63,ESE,f
Cairo,EG,2026-05-03 06:00:00+00,21.42,52,1009,9.25,W,t
Riyadh,SA,2026-05-03 06:00:00+00,32.14,14,1013,18.54,NNW,f
Dubai,AE,2026-05-03 06:00:00+00,35.96,28,1008,3.71,N,t
Baghdad,IQ,2026-05-03 06:00:00+00,27.95,36,1007,20.38,SSE,t
Beirut,LB,2026-05-03 06:00:00+00,20.61,82,1006,27.65,N,t
Amman,JO,2026-05-03 06:00:00+00,22.86,26,1007,31.00,SW,f
Kuwait City,KW,2026-05-03 06:00:00+00,28.21,60,1008,4.50,SW,t
Doha,QA,2026-05-03 06:00:00+00,34.57,26,1008,9.25,SW,f
Casablanca,MA,2026-05-03 06:00:00+00,17.02,82,1017,1.84,N,f
Tunisia,TN,2026-05-03 06:00:00+00,15.69,79,1022,12.56,E,f
Cairo,EG,2026-05-03 05:00:00+00,19.42,63,1009,11.12,NW,t
Riyadh,SA,2026-05-03 05:00:00+00,30.48,16,1013,17.28,NNW,t
Dubai,AE,2026-05-03 05:00:00+00,31.96,37,1008,9.25,SSE,f
Baghdad,IQ,2026-05-03 05:00:00+00,23.95,46,1007,12.96,SE,t
Beirut,LB,2026-05-03 05:00:00+00,20.17,84,1006,33.73,NNW,t
Amman,JO,2026-05-03 05:00:00+00,20.05,26,1007,9.25,WSW,f
Kuwait City,KW,2026-05-03 05:00:00+00,29.88,53,1009,8.32,SW,t
Doha,QA,2026-05-03 05:00:00+00,32.16,32,1008,12.96,S,f
Casablanca,MA,2026-05-03 05:00:00+00,17.02,82,1016,1.84,N,f
Tunisia,TN,2026-05-03 05:00:00+00,15.36,79,1021,10.84,E,f
Cairo,EG,2026-05-03 04:00:00+00,19.42,72,1009,3.71,NE,t
Riyadh,SA,2026-05-03 04:00:00+00,28.41,18,1012,15.91,NNW,t
Dubai,AE,2026-05-03 04:00:00+00,30.96,40,1008,9.25,S,f
Baghdad,IQ,2026-05-03 04:00:00+00,24.95,41,1007,18.50,SE,t
Beirut,LB,2026-05-03 04:00:00+00,21.88,83,1005,38.23,N,t
Amman,JO,2026-05-03 04:00:00+00,19.05,24,1007,11.12,W,f
Kuwait City,KW,2026-05-03 04:00:00+00,27.66,62,1009,11.92,SW,t
Doha,QA,2026-05-03 04:00:00+00,27.94,57,1008,3.71,N,t
Casablanca,MA,2026-05-03 04:00:00+00,17.02,82,1016,1.84,N,f
Tunisia,TN,2026-05-03 04:00:00+00,15.37,82,1021,13.43,ENE,f
Cairo,EG,2026-05-03 03:00:00+00,19.42,72,1008,9.25,NE,t
Riyadh,SA,2026-05-03 03:00:00+00,27.10,20,1012,11.41,NNW,t
Dubai,AE,2026-05-03 03:00:00+00,29.96,42,1008,7.42,S,t
Baghdad,IQ,2026-05-03 03:00:00+00,23.95,46,1007,14.83,ESE,t
Beirut,LB,2026-05-03 03:00:00+00,18.54,85,1005,38.56,N,t
Amman,JO,2026-05-03 03:00:00+00,19.05,27,1006,9.25,SW,f
Kuwait City,KW,2026-05-03 03:00:00+00,26.55,56,1008,11.45,SSW,t
Doha,QA,2026-05-03 03:00:00+00,27.97,54,1007,5.54,NNE,t
Casablanca,MA,2026-05-03 03:00:00+00,16.85,77,1016,3.71,N,t
Tunisia,TN,2026-05-03 03:00:00+00,15.97,78,1021,11.92,ENE,f
Cairo,EG,2026-05-03 02:00:00+00,19.42,72,1008,12.96,NNE,t
Riyadh,SA,2026-05-03 02:00:00+00,26.82,18,1011,7.24,NNW,f
Dubai,AE,2026-05-03 02:00:00+00,31.96,40,1007,7.42,WSW,f
Baghdad,IQ,2026-05-03 02:00:00+00,24.95,44,1007,12.96,SE,t
Beirut,LB,2026-05-03 02:00:00+00,19.65,81,1006,34.85,N,t
Amman,JO,2026-05-03 02:00:00+00,21.05,19,1006,11.12,SE,f
Kuwait City,KW,2026-05-03 02:00:00+00,26.55,47,1008,13.75,SSW,t
Doha,QA,2026-05-03 02:00:00+00,28.16,47,1007,3.71,NNW,t
Casablanca,MA,2026-05-03 02:00:00+00,17.02,82,1016,3.71,N,f
Tunisia,TN,2026-05-03 02:00:00+00,16.37,78,1022,13.61,ENE,f
Cairo,EG,2026-05-03 01:00:00+00,19.42,68,1008,14.83,NE,t
Riyadh,SA,2026-05-03 01:00:00+00,26.78,19,1010,6.52,NNW,f
Dubai,AE,2026-05-03 01:00:00+00,31.96,40,1006,11.12,W,f
Baghdad,IQ,2026-05-03 01:00:00+00,26.95,36,1007,12.96,E,t
Beirut,LB,2026-05-03 01:00:00+00,19.62,80,1007,30.64,N,t
Amman,JO,2026-05-03 01:00:00+00,21.05,26,1007,7.42,ESE,f
Kuwait City,KW,2026-05-03 01:00:00+00,27.66,46,1007,12.92,SSW,f
Doha,QA,2026-05-03 01:00:00+00,28.97,41,1006,5.54,ESE,t
Casablanca,MA,2026-05-03 01:00:00+00,17.02,77,1017,5.54,NE,f
Tunisia,TN,2026-05-03 01:00:00+00,16.62,78,1022,16.81,ENE,f
Cairo,EG,2026-05-03 00:00:00+00,20.42,64,1008,18.50,NE,t
Riyadh,SA,2026-05-03 00:00:00+00,27.46,19,1010,7.56,NNW,f
Dubai,AE,2026-05-03 00:00:00+00,31.96,35,1006,9.25,WSW,f
Baghdad,IQ,2026-05-03 00:00:00+00,26.95,41,1006,14.83,E,t
Beirut,LB,2026-05-03 00:00:00+00,19.81,72,1005,29.74,N,t
Amman,JO,2026-05-03 00:00:00+00,19.05,32,1007,7.42,WSW,t
Kuwait City,KW,2026-05-03 00:00:00+00,27.66,45,1007,12.24,S,t
Doha,QA,2026-05-03 00:00:00+00,28.57,46,1006,1.84,N,t
Casablanca,MA,2026-05-03 00:00:00+00,17.02,77,1018,3.71,N,f
Tunisia,TN,2026-05-03 00:00:00+00,16.89,75,1022,20.70,E,f
Cairo,EG,2026-05-02 23:00:00+00,20.42,64,1008,20.38,NNE,t
Riyadh,SA,2026-05-02 23:00:00+00,28.03,17,1009,13.72,NNW,f
Dubai,AE,2026-05-02 23:00:00+00,31.96,35,1006,5.54,S,f
Baghdad,IQ,2026-05-02 23:00:00+00,26.95,41,1006,11.12,E,t
Beirut,LB,2026-05-02 23:00:00+00,20.37,66,1005,27.11,NNE,t
Amman,JO,2026-05-02 23:00:00+00,19.05,34,1007,0.00,N,t
Kuwait City,KW,2026-05-02 23:00:00+00,27.66,44,1006,12.85,S,t
Doha,QA,2026-05-02 23:00:00+00,29.97,40,1006,7.42,SE,t
Casablanca,MA,2026-05-02 23:00:00+00,18.07,72,1018,5.54,NNE,f
Tunisia,TN,2026-05-02 23:00:00+00,17.42,70,1023,22.46,E,f
Cairo,EG,2026-05-02 22:00:00+00,21.42,56,1008,29.63,NE,t
Riyadh,SA,2026-05-02 22:00:00+00,28.87,14,1010,12.92,NNW,t
Dubai,AE,2026-05-02 22:00:00+00,32.96,31,1006,12.96,W,f
Baghdad,IQ,2026-05-02 22:00:00+00,27.95,36,1006,16.67,ENE,t
Beirut,LB,2026-05-02 22:00:00+00,24.10,69,1006,27.94,NNE,t
Amman,JO,2026-05-02 22:00:00+00,20.05,30,1008,5.54,E,t
Kuwait City,KW,2026-05-02 22:00:00+00,27.66,42,1006,13.28,S,t
Doha,QA,2026-05-02 22:00:00+00,29.97,38,1006,7.42,SSE,t
Casablanca,MA,2026-05-02 22:00:00+00,18.07,72,1018,5.54,NE,f
Tunisia,TN,2026-05-02 22:00:00+00,17.83,65,1023,23.83,E,f
Cairo,EG,2026-05-02 21:00:00+00,22.42,53,1008,31.50,NNE,t
Riyadh,SA,2026-05-02 21:00:00+00,29.59,13,1010,11.16,NNW,t
Dubai,AE,2026-05-02 21:00:00+00,32.96,29,1006,11.12,W,f
Baghdad,IQ,2026-05-02 21:00:00+00,28.95,32,1007,16.67,ENE,t
Beirut,LB,2026-05-02 21:00:00+00,22.99,71,1007,31.00,NNE,t
Amman,JO,2026-05-02 21:00:00+00,20.05,28,1008,7.42,ENE,t
Kuwait City,KW,2026-05-02 21:00:00+00,27.66,51,1006,14.51,SSE,t
Doha,QA,2026-05-02 21:00:00+00,29.97,36,1006,3.71,N,t
Casablanca,MA,2026-05-02 21:00:00+00,18.07,72,1019,7.42,N,f
Tunisia,TN,2026-05-02 21:00:00+00,18.27,59,1023,27.76,E,f
Cairo,EG,2026-05-02 20:00:00+00,22.42,49,1008,33.34,N,t
Riyadh,SA,2026-05-02 20:00:00+00,30.30,13,1010,12.02,NNW,f
Dubai,AE,2026-05-02 20:00:00+00,32.96,27,1007,11.12,W,f
Baghdad,IQ,2026-05-02 20:00:00+00,28.95,34,1008,16.67,NE,t
Beirut,LB,2026-05-02 20:00:00+00,22.43,73,1009,23.08,N,t
Amman,JO,2026-05-02 20:00:00+00,21.05,35,1008,7.42,E,t
Kuwait City,KW,2026-05-02 20:00:00+00,27.10,56,1007,15.95,SE,t
Doha,QA,2026-05-02 20:00:00+00,30.38,36,1007,5.54,E,t
Casablanca,MA,2026-05-02 20:00:00+00,18.07,72,1018,7.42,NE,f
Tunisia,TN,2026-05-02 20:00:00+00,18.88,54,1022,29.84,E,f
Cairo,EG,2026-05-02 19:00:00+00,23.42,46,1008,35.17,N,t
Riyadh,SA,2026-05-02 19:00:00+00,31.19,12,1009,12.78,NW,f
Dubai,AE,2026-05-02 19:00:00+00,33.96,26,1007,11.12,W,f
Baghdad,IQ,2026-05-02 19:00:00+00,29.95,32,1007,12.96,NE,t
Beirut,LB,2026-05-02 19:00:00+00,21.88,73,1009,20.59,NNW,t
Amman,JO,2026-05-02 19:00:00+00,22.05,30,1008,0.00,N,t
Kuwait City,KW,2026-05-02 19:00:00+00,26.55,61,1007,14.26,SE,t
Doha,QA,2026-05-02 19:00:00+00,30.97,36,1007,11.12,E,f
Casablanca,MA,2026-05-02 19:00:00+00,19.13,63,1017,9.25,NE,t
Tunisia,TN,2026-05-02 19:00:00+00,19.77,47,1022,29.74,E,f
Cairo,EG,2026-05-02 18:00:00+00,24.42,38,1007,38.88,N,t
Riyadh,SA,2026-05-02 18:00:00+00,32.06,12,1009,14.72,NW,f
Dubai,AE,2026-05-02 18:00:00+00,34.96,21,1007,9.25,W,f
Baghdad,IQ,2026-05-02 18:00:00+00,29.95,35,1007,12.96,NNE,t
Beirut,LB,2026-05-02 18:00:00+00,21.88,71,1009,20.59,N,t
Amman,JO,2026-05-02 18:00:00+00,23.05,27,1009,0.00,N,t
Kuwait City,KW,2026-05-02 18:00:00+00,27.10,58,1007,15.30,SE,t
Doha,QA,2026-05-02 18:00:00+00,30.97,30,1007,9.25,E,f
Casablanca,MA,2026-05-02 18:00:00+00,19.13,63,1017,12.96,NNE,t
Tunisia,TN,2026-05-02 18:00:00+00,20.63,44,1020,31.61,E,f
Cairo,EG,2026-05-02 17:00:00+00,27.42,36,1007,31.50,N,t
Riyadh,SA,2026-05-02 17:00:00+00,33.05,11,1008,14.90,NW,f
Dubai,AE,2026-05-02 17:00:00+00,34.96,20,1006,5.54,W,f
Baghdad,IQ,2026-05-02 17:00:00+00,29.95,35,1007,12.96,NNE,t
Beirut,LB,2026-05-02 17:00:00+00,21.88,68,1009,21.31,NNE,t
Amman,JO,2026-05-02 17:00:00+00,23.05,27,1008,0.00,N,t
Kuwait City,KW,2026-05-02 17:00:00+00,27.10,56,1006,17.50,ESE,t
Doha,QA,2026-05-02 17:00:00+00,30.97,32,1006,9.25,E,f
Casablanca,MA,2026-05-02 17:00:00+00,19.13,63,1017,12.96,NNE,t
Tunisia,TN,2026-05-02 17:00:00+00,23.38,28,1019,30.96,E,f
